Name,Abbreviation,CID,Guest_Type,CID_resolved,IUPAC_Name_resolved,Common_Name_resolved,SMILES_resolved,Formula_resolved,InChIKey_resolved,MaxAbsEStateIndex,MaxEStateIndex,MinAbsEStateIndex,MinEStateIndex,qed,SPS,MolWt,HeavyAtomMolWt,ExactMolWt,NumValenceElectrons,NumRadicalElectrons,MaxPartialCharge,MinPartialCharge,MaxAbsPartialCharge,MinAbsPartialCharge,FpDensityMorgan1,FpDensityMorgan2,FpDensityMorgan3,BCUT2D_MWHI,BCUT2D_MWLOW,BCUT2D_CHGHI,BCUT2D_CHGLO,BCUT2D_LOGPHI,BCUT2D_LOGPLOW,BCUT2D_MRHI,BCUT2D_MRLOW,AvgIpc,BalabanJ,BertzCT,Chi0,Chi0n,Chi0v,Chi1,Chi1n,Chi1v,Chi2n,Chi2v,Chi3n,Chi3v,Chi4n,Chi4v,HallKierAlpha,Ipc,Kappa1,Kappa2,Kappa3,LabuteASA,PEOE_VSA1,PEOE_VSA10,PEOE_VSA11,PEOE_VSA12,PEOE_VSA13,PEOE_VSA14,PEOE_VSA2,PEOE_VSA3,PEOE_VSA4,PEOE_VSA5,PEOE_VSA6,PEOE_VSA7,PEOE_VSA8,PEOE_VSA9,SMR_VSA1,SMR_VSA10,SMR_VSA2,SMR_VSA3,SMR_VSA4,SMR_VSA5,SMR_VSA6,SMR_VSA7,SMR_VSA8,SMR_VSA9,SlogP_VSA1,SlogP_VSA10,SlogP_VSA11,SlogP_VSA12,SlogP_VSA2,SlogP_VSA3,SlogP_VSA4,SlogP_VSA5,SlogP_VSA6,SlogP_VSA7,SlogP_VSA8,SlogP_VSA9,TPSA,EState_VSA1,EState_VSA10,EState_VSA11,EState_VSA2,EState_VSA3,EState_VSA4,EState_VSA5,EState_VSA6,EState_VSA7,EState_VSA8,EState_VSA9,VSA_EState1,VSA_EState10,VSA_EState2,VSA_EState3,VSA_EState4,VSA_EState5,VSA_EState6,VSA_EState7,VSA_EState8,VSA_EState9,FractionCSP3,HeavyAtomCount,NHOHCount,NOCount,NumAliphaticCarbocycles,NumAliphaticHeterocycles,NumAliphaticRings,NumAmideBonds,NumAromaticCarbocycles,NumAromaticHeterocycles,NumAromaticRings,NumAtomStereoCenters,NumBridgeheadAtoms,NumHAcceptors,NumHDonors,NumHeteroatoms,NumHeterocycles,NumRotatableBonds,NumSaturatedCarbocycles,NumSaturatedHeterocycles,NumSaturatedRings,NumSpiroAtoms,NumUnspecifiedAtomStereoCenters,Phi,RingCount,MolLogP,MolMR,fr_Al_COO,fr_Al_OH,fr_Al_OH_noTert,fr_ArN,fr_Ar_COO,fr_Ar_N,fr_Ar_NH,fr_Ar_OH,fr_COO,fr_COO2,fr_C_O,fr_C_O_noCOO,fr_C_S,fr_HOCCN,fr_Imine,fr_NH0,fr_NH1,fr_NH2,fr_N_O,fr_Ndealkylation1,fr_Ndealkylation2,fr_Nhpyrrole,fr_SH,fr_aldehyde,fr_alkyl_carbamate,fr_alkyl_halide,fr_allylic_oxid,fr_amide,fr_amidine,fr_aniline,fr_aryl_methyl,fr_azide,fr_azo,fr_barbitur,fr_benzene,fr_benzodiazepine,fr_bicyclic,fr_diazo,fr_dihydropyridine,fr_epoxide,fr_ester,fr_ether,fr_furan,fr_guanido,fr_halogen,fr_hdrzine,fr_hdrzone,fr_imidazole,fr_imide,fr_isocyan,fr_isothiocyan,fr_ketone,fr_ketone_Topliss,fr_lactam,fr_lactone,fr_methoxy,fr_morpholine,fr_nitrile,fr_nitro,fr_nitro_arom,fr_nitro_arom_nonortho,fr_nitroso,fr_oxazole,fr_oxime,fr_para_hydroxylation,fr_phenol,fr_phenol_noOrthoHbond,fr_phos_acid,fr_phos_ester,fr_piperdine,fr_piperzine,fr_priamide,fr_prisulfonamd,fr_pyridine,fr_quatN,fr_sulfide,fr_sulfonamd,fr_sulfone,fr_term_acetylene,fr_tetrazole,fr_thiazole,fr_thiocyan,fr_thiophene,fr_unbrch_alkane,fr_urea
Diclofenac,DIC,3033,Pharmaceutical,3033,"2-[2-(2,6-dichloroanilino)phenyl]acetic acid",diclofenac,O=C(O)Cc1ccccc1Nc1c(Cl)cccc1Cl,C14H11Cl2NO2,DCOPUUMXTXDBNB-UHFFFAOYSA-N,10.827338400380729,10.827338400380729,0.06424107142857127,-0.8893467078189301,0.8807285394160607,10.210526315789474,296.153,285.06499999999994,295.01668395200005,98,0,0.30739587692442316,-0.4809852135804913,0.4809852135804913,0.30739587692442316,1.0526315789473684,1.6842105263157894,2.3157894736842106,35.49683559976259,10.100301513191704,2.0971844788845875,-2.129783874772342,2.3308213108222446,-2.035556821577032,6.388086929697563,-0.13571846254865322,2.3509148477009196,2.3558879442321032,593.8950014443016,13.828062645816685,9.859949497496205,11.371807389533116,9.075387400469408,5.584169402223603,6.3400983482420585,3.94932097813249,4.763721231613703,2.581472082516677,3.2114128708653897,1.7112313592468353,2.203167158964943,-1.7099999999999995,18978.935565489523,13.715440199973633,5.9544053534163845,3.397616957868233,120.33053204396538,10.423315998847038,0.0,0.0,0.0,0.0,5.969305287951849,4.794537184071822,0.0,0.0,0.0,47.46734805431147,23.762552697081826,5.687386274683562,22.153474525092225,9.901064578912528,40.545957617784005,0.0,0.0,0.0,6.4208216229260096,5.316788604006331,58.073287598410914,0.0,0.0,5.316788604006331,11.374772549367124,0.0,23.20187978046503,11.075832682792555,11.21535880699783,0.0,5.563451491696996,42.46456947923127,10.045266627482652,0.0,0.0,49.33,5.969305287951849,4.794537184071822,0.0,6.4208216229260096,26.983490668546775,0.0,0.0,36.39820241076966,6.06636706846161,5.316788604006331,28.30840717530574,0.0,12.148457175051089,10.827338400380729,12.941774656364606,1.9255171327790384,-0.8893467078189301,12.332722636894264,-0.06424107142857127,0.0,0.0,0.07142857142857142,19,2,3,0,0,0,0,2,0,2,0,0,2,2,5,0,4,0,0,0,0,0,4.298278450062384,2,4.364100000000001,77.52650000000003,1,0,0,0,0,0,0,0,1,1,1,0,0,0,0,0,1,0,0,0,0,0,0,0,0,0,0,0,0,2,0,0,0,0,2,0,0,0,0,0,0,0,0,0,2,0,0,0,0,0,0,0,0,0,0,0,0,0,0,0,0,0,0,0,2,0,0,0,0,0,0,0,0,0,0,0,0,0,0,0,0,0,0,0,0
Ibuprofen,IBU,3672,Pharmaceutical,3672,2-[4-(2-methylpropyl)phenyl]propanoic acid,"IBUPROFEN, (+-)-",CC(C)Cc1ccc(C(C)C(=O)O)cc1,C13H18O2,HEFNNWSXXWATRW-UHFFFAOYSA-N,10.762425070336777,10.762425070336777,0.4184259259259262,-0.7716577958343829,0.8215995486924976,12.8,206.28499999999997,188.14099999999996,206.130679816,82,0,0.3101853515323108,-0.4807885019257389,0.4807885019257389,0.3101853515323108,1.2,1.7333333333333334,2.1333333333333333,16.366404797134518,9.968471760898748,2.123540108955395,-2.0857579653870726,2.1688935075416422,-2.0688004654239487,5.749768182058125,-0.1378620686519089,2.165506939440076,2.7590371332701524,324.8941190021566,11.422285251880869,9.526670282288125,9.526670282288125,7.002907755397974,5.32030090584347,5.32030090584347,4.3994781236223774,4.3994781236223774,2.4940956097181957,2.4940956097181957,1.556376775771452,1.556376775771452,-1.31,1862.3359679184655,11.763046018991963,4.964460295417243,3.387630631562938,90.94175377251301,5.106527394840706,0.0,0.0,0.0,0.0,5.969305287951849,4.794537184071822,0.0,0.0,0.0,38.112942673227685,30.38936785217202,0.0,5.917906046161393,9.901064578912528,5.969305287951849,0.0,0.0,5.917906046161393,33.10993926815928,0.0,35.392371257240434,0.0,0.0,0.0,0.0,0.0,0.0,11.075832682792555,11.21535880699783,5.917906046161393,37.81602062862726,24.26546827384644,0.0,0.0,0.0,37.3,11.887211334113243,4.794537184071822,0.0,0.0,5.917906046161393,11.984273114623004,5.563451491696996,6.923737199690624,24.26546827384644,13.847474399381248,5.106527394840706,0.0,0.0,10.762425070336777,8.850157339170236,2.1401341647770225,-0.5579103678508441,7.871574074074074,1.0433852985638699,6.056901087595532,0.0,0.46153846153846156,15,1,2,0,0,0,0,1,0,1,1,0,1,1,2,0,4,0,0,0,0,1,3.8931449942967644,1,3.073200000000001,61.03480000000004,1,0,0,0,0,0,0,0,1,1,1,0,0,0,0,0,0,0,0,0,0,0,0,0,0,0,0,0,0,0,0,0,0,0,1,0,0,0,0,0,0,0,0,0,0,0,0,0,0,0,0,0,0,0,0,0,0,0,0,0,0,0,0,0,0,0,0,0,0,0,0,0,0,0,0,0,0,0,0,0,0,0,0,0,0
Carbamazepine,CAR,2554,Pharmaceutical,2554,benzo[b][1]benzazepine-11-carboxamide,carbamazepine,NC(=O)N1c2ccccc2C=Cc2ccccc21,C15H12N2O,FFGPTBGBLSHEPO-UHFFFAOYSA-N,11.75297052154195,11.75297052154195,0.47351851851851845,-0.47351851851851845,0.748363450121821,12.555555555555555,236.27399999999997,224.17799999999997,236.094963004,88,0,0.32342219617413165,-0.3508838374482669,0.3508838374482669,0.32342219617413165,0.8333333333333334,1.2777777777777777,1.7222222222222223,16.16253966335365,10.135516398413007,2.205637273293314,-2.220468335143455,2.3510276735172573,-2.315903981686083,6.042905677902133,0.25577663691790714,2.548225653496903,2.305250789577584,596.9467906495956,12.535169427003233,9.706314847049708,9.706314847049708,8.770856947829097,5.729003813978894,5.729003813978894,4.12461264814825,4.12461264814825,3.018151561343787,3.018151561343787,2.210962542757416,2.210962542757416,-2.55,20630.434890710927,10.59432558024975,4.035866968245452,1.569155277820115,105.14913595029721,5.733667477162185,0.0,0.0,0.0,0.0,6.031114512338072,4.899909730850478,4.794537184071822,0.0,0.0,48.55024262443742,23.259637120317212,0.0,11.374772549367124,4.794537184071822,29.557927275372958,0.0,0.0,5.733667477162185,0.0,4.899909730850478,59.65783953108687,0.0,0.0,10.633577208012664,16.169309733438947,0.0,0.0,6.031114512338072,0.0,0.0,11.126902983393991,48.53093654769288,0.0,12.152040213667762,0.0,46.33,6.031114512338072,4.794537184071822,0.0,0.0,0.0,22.501675532761116,0.0,4.899909730850478,60.68297676136064,0.0,5.733667477162185,0.0,0.0,13.299266817838246,0.0,9.106447467876041,0.0,14.933359788359788,3.994259259259259,0.0,0.0,0.0,18,2,3,0,1,1,2,2,0,2,0,0,1,1,3,1,0,0,0,0,0,0,2.3754049255648777,3,3.3872000000000018,73.53440000000002,0,0,0,0,0,0,0,0,0,0,1,1,0,0,0,1,0,1,0,0,0,0,0,0,0,0,0,2,0,2,0,0,0,0,2,0,2,0,0,0,0,0,0,0,0,0,0,0,0,0,0,0,0,0,0,0,0,0,0,0,0,0,0,0,2,0,0,0,0,0,0,1,0,0,0,0,0,0,0,0,0,0,0,0,1
Sulfamethoxazole,SXT,5329,Pharmaceutical,5329,"4-amino-N-(5-methyl-1,2-oxazol-3-yl)benzenesulfonamide",sulfamethoxazole,Cc1cc(NS(=O)(=O)c2ccc(N)cc2)no1,C10H11N3O3S,JLKIGFTWXXRPMT-UHFFFAOYSA-N,11.888543083900228,11.888543083900228,0.11791950113378724,-3.6448148148148136,0.804736706639606,11.352941176470589,253.28300000000002,242.19499999999996,253.052112212,90,0,0.26263766546728673,-0.3987277171275083,0.3987277171275083,0.26263766546728673,1.2941176470588236,1.9411764705882353,2.4705882352941178,32.233271005160034,10.319156978539295,2.151313424430653,-2.040786898072918,2.1624639396955896,-2.1257039155277826,7.923178645148272,0.40001198891575396,2.6349060156658664,2.2767262836744524,616.5006093542686,12.466255326250886,9.044308372493166,9.860804953420892,7.971163677742107,4.78927936144452,6.2724426090389125,3.4973370282410308,5.17973926965055,2.0572994801266193,3.427934409355713,1.2580754230988542,2.241837422891193,-2.0199999999999996,7651.767069493676,11.464961646363335,4.095983503072133,2.5628629762604866,98.46930176378613,10.256762414135533,5.760247418874442,5.817862777835028,0.0,10.023291153407584,0.0,4.722094864452088,8.417796984328938,0.0,0.0,5.156663257125445,31.18920547353706,11.753753343145172,4.895483475517775,12.940891921302285,21.528540205926173,0.0,5.156663257125445,0.0,11.819220675208399,10.455762341614273,36.09208276118249,0.0,0.0,10.455762341614273,11.50524905251859,0.0,0.0,13.574460241454382,10.023291153407584,6.923737199690624,5.760247418874442,39.750413754799176,0.0,0.0,0.0,98.22,10.023291153407584,8.417796984328938,0.0,10.713346253352803,11.447633693558004,0.0,30.33183534230805,6.923737199690624,0.0,9.878758121577533,10.256762414135533,30.846883083480307,0.0,0.11791950113378724,3.5540493512219706,5.984419557181101,0.679936224489796,7.370322341899723,0.0,1.6746180887414654,-3.6448148148148136,0.1,17,3,6,0,0,0,0,1,1,2,0,0,5,2,7,1,3,0,0,0,0,0,2.7623702215799377,2,1.3660199999999998,62.90290000000002,0,0,0,1,0,1,0,0,0,0,0,0,0,0,0,1,1,1,0,0,0,0,0,0,0,0,0,0,0,2,1,0,0,0,1,0,0,0,0,0,0,0,0,0,0,0,0,0,0,0,0,0,0,0,0,0,0,0,0,0,0,0,0,0,0,0,0,0,0,0,0,0,0,0,0,0,1,0,0,0,0,0,0,0,0
Naproxen,NAP,156391,Pharmaceutical,156391,(2S)-2-(6-methoxynaphthalen-2-yl)propanoic acid,NAPROXEN,COc1ccc2cc(C(C)C(=O)O)ccc2c1,C14H14O3,CMWTZPSULFXXJA-VIFPVBQESA-N,10.916244733634706,10.916244733634706,0.4847206737633327,-0.8075354833291339,0.8810778082204156,12.352941176470589,230.26299999999998,216.15099999999995,230.094294308,88,0,0.31018572532324495,-0.4967451042461023,0.4967451042461023,0.31018572532324495,1.1764705882352942,1.8235294117647058,2.4705882352941178,16.465340300415637,9.977604551810945,2.130996381682746,-2.083501332160616,2.2461214674307945,-2.0648098744292005,5.859995115372149,-0.13785840793483115,2.35984572389062,2.4789644386388336,560.3959195741091,12.41384908344359,9.805162060755068,9.805162060755068,8.113392202930193,5.420871660482128,5.420871660482128,4.032443980554451,4.032443980554451,2.9418911948008084,2.9418911948008084,1.7811860183471508,1.7811860183471508,-2.03,7938.521015168045,11.455255502156714,4.454042614687935,2.228492726961196,99.64213719056528,9.843390348640755,5.749511833283905,0.0,0.0,0.0,5.969305287951849,4.794537184071822,0.0,0.0,0.0,24.26546827384644,35.392371257240434,0.0,13.027703587438927,14.637927532712576,16.74175371688144,0.0,0.0,0.0,12.841643245852017,7.109797541277533,41.96165390246666,0.0,5.749511833283905,4.736862953800049,0.0,5.749511833283905,0.0,18.18563022407009,4.794537184071822,0.0,18.405094737549014,36.39820241076966,0.0,10.772448428929591,0.0,46.53,11.887211334113243,4.794537184071822,0.0,0.0,0.0,22.085411753910492,0.0,14.033534740968157,36.39820241076966,0.0,9.843390348640755,5.144088062694213,0.0,10.916244733634706,11.041057872235722,0.8149692932728649,-0.4899107405307801,11.425672713529856,0.0,1.687523148148148,1.627021583681937,0.21428571428571427,17,1,3,0,0,0,0,2,0,2,1,0,2,1,3,0,3,0,0,0,0,1,3.0013056569849668,2,3.036500000000001,66.55080000000004,1,0,0,0,0,0,0,0,1,1,1,0,0,0,0,0,0,0,0,0,0,0,0,0,0,0,0,0,0,0,0,0,0,0,2,0,1,0,0,0,0,1,0,0,0,0,0,0,0,0,0,0,0,0,0,1,0,0,0,0,0,0,0,0,0,0,0,0,0,0,0,0,0,0,0,0,0,0,0,0,0,0,0,0,0
Trimethoprim,TMP,5578,Pharmaceutical,5578,"5-[(3,4,5-trimethoxyphenyl)methyl]pyrimidine-2,4-diamine",trimethoprim,COc1cc(Cc2cnc(N)nc2N)cc(OC)c1OC,C14H18N4O3,IEDVJHCEMCRBQM-UHFFFAOYSA-N,5.848108465608465,5.848108465608465,0.1538352101375191,0.1538352101375191,0.8533555071280714,10.238095238095237,290.32300000000004,272.179,290.137890436,112,0,0.2214316356382399,-0.492704456320783,0.492704456320783,0.2214316356382399,1.0,1.619047619047619,2.0952380952380953,16.529933471959104,10.055552244613873,2.139939308910227,-2.140671554383424,2.3834285564495885,-2.0427878074976973,5.550690334116586,0.32363418389382215,2.4853784144068674,2.397562137428135,621.1065134129683,15.405412915006313,12.213030189526183,12.213030189526183,10.083248657969117,6.243969313434722,6.243969313434722,4.349044905413231,4.349044905413231,3.0357491073552594,3.0357491073552594,2.0278360837453957,2.0278360837453957,-2.7000000000000006,52230.22737876032,14.703769228704127,6.167313394785921,3.07337613550987,122.4079788275865,25.67792381572452,5.817862777835028,11.49902366656781,11.6978511142704,0.0,0.0,0.0,4.9839785209472085,4.9839785209472085,0.0,0.0,17.696185628620217,18.18111668623608,21.3293926238326,14.210588861400147,11.766202058821523,0.0,9.967957041894417,0.0,6.4208216229260096,32.79672757815697,29.456480691930288,0.0,17.248535499851716,25.67792381572452,11.766202058821523,17.248535499851716,0.0,31.297349665727015,6.4208216229260096,0.0,11.126902983393991,18.3295777085363,0.0,0.0,0.0,105.50999999999999,0.0,0.0,0.0,5.948339280986494,29.487219900612754,11.126902983393991,0.0,27.526236195445676,12.13273413692322,9.967957041894417,25.67792381572452,15.924874707790472,0.0,7.900371315192743,0.0,13.050571864369664,2.228001325657802,3.7165684051398338,2.1425385015117158,0.0,4.703740547004436,0.2857142857142857,21,4,7,0,0,0,0,1,1,2,0,0,7,2,7,1,5,0,0,0,0,0,4.318226329429906,2,1.2575999999999996,79.76080000000002,0,0,0,2,0,2,0,0,0,0,0,0,0,0,0,2,0,2,0,0,0,0,0,0,0,0,0,0,0,2,0,0,0,0,1,0,0,0,0,0,0,3,0,0,0,0,0,0,0,0,0,0,0,0,0,3,0,0,0,0,0,0,0,0,0,0,0,0,0,0,0,0,0,0,0,0,0,0,0,0,0,0,0,0,0
Acetaminophen,AC,1983,Pharmaceutical,1983,N-(4-hydroxyphenyl)acetamide,acetaminophen,CC(=O)Nc1ccc(O)cc1,C8H9NO2,RZVAJINKPMORJF-UHFFFAOYSA-N,10.524468537414966,10.524468537414966,0.11510204081632636,-0.11510204081632636,0.5950261967780849,9.181818181818182,151.165,142.093,151.063328528,58,0,0.22074743631242583,-0.5079643157925783,0.5079643157925783,0.22074743631242583,1.3636363636363635,1.9090909090909092,2.3636363636363638,16.254688714379654,10.280190859964755,1.9280360590359853,-1.9945540738765883,2.125247579160178,-2.0440113126102912,5.880954784597921,-0.11373578338266069,1.9291266251851134,2.7362980721056545,253.29949758389105,8.267584713501616,6.164862962722325,6.164862962722325,5.1815405503520555,3.2490981480278296,3.2490981480278296,2.228060242189872,2.228060242189872,1.1876733148984595,1.1876733148984595,0.7480265991539318,0.7480265991539318,-1.51,285.51074052739676,7.595374077976819,3.0531381005525,2.292303972882069,64.66690538413799,10.423315998847038,5.749511833283905,0.0,5.907179729351506,0.0,0.0,4.794537184071822,0.0,0.0,0.0,0.0,24.26546827384644,12.611123474374185,0.0,9.901064578912528,11.594566004035068,0.0,0.0,0.0,6.923737199690624,5.316788604006331,24.26546827384644,0.0,5.749511833283905,5.316788604006331,5.687386274683562,5.749511833283905,0.0,11.013707124192212,4.794537184071822,0.0,6.923737199690624,24.26546827384644,0.0,0.0,0.0,49.33,0.0,4.794537184071822,0.0,11.65669156263541,5.687386274683562,0.0,19.056471336613843,12.13273413692322,0.0,5.316788604006331,5.106527394840706,0.0,0.0,10.524468537414966,11.460032596371882,0.6900925925925929,0.07851095993953172,6.309537037037037,0.0,1.437358276643991,0.0,0.125,11,2,3,0,0,0,1,1,0,1,0,0,2,2,3,0,1,0,0,0,0,0,2.1081569077654403,1,1.3505999999999998,42.41050000000002,0,0,0,0,0,0,0,1,0,0,1,1,0,0,0,0,1,0,0,0,0,0,0,0,0,0,0,1,0,1,0,0,0,0,1,0,0,0,0,0,0,0,0,0,0,0,0,0,0,0,0,0,0,0,0,0,0,0,0,0,0,0,0,0,0,1,1,0,0,0,0,0,0,0,0,0,0,0,0,0,0,0,0,0,0
Gemfibrozil,GFB,3463,Pharmaceutical,3463,"5-(2,5-dimethylphenoxy)-2,2-dimethylpentanoic acid",gemfibrozil,Cc1ccc(C)c(OCCCC(C)(C)C(=O)O)c1,C15H22O3,HEMJJKBWTPKOJG-UHFFFAOYSA-N,10.943172993766428,10.943172993766428,0.5565509259259258,-0.755336934156378,0.7849558299886598,11.333333333333334,250.33799999999994,228.16199999999995,250.156894564,100,0,0.3085639988790408,-0.4933115604495353,0.4933115604495353,0.3085639988790408,1.3333333333333333,2.0,2.611111111111111,16.477326232427487,9.8817547980358,2.256622060819081,-2.185496305069096,2.2347179568053597,-2.2365452756405633,5.729529138066419,-0.14689527554703694,2.2836345978856696,2.4287441586455745,421.746932506919,13.759148545064338,11.617081327556205,11.617081327556205,8.326204387599239,6.262117485114515,6.262117485114515,5.41000245250466,5.41000245250466,3.126283952915713,3.126283952915713,1.6659795077777104,1.6659795077777104,-1.5099999999999998,6869.172870440094,14.550642813826565,5.894163180223427,4.058379110355049,108.7851832308131,9.843390348640755,5.749511833283905,0.0,0.0,0.0,5.969305287951849,4.794537184071822,0.0,0.0,0.0,12.13273413692322,57.729862096470114,0.0,12.021872433909698,14.637927532712576,5.969305287951849,0.0,0.0,5.41499046939678,40.53659204461451,6.606881964512918,29.32600418877882,0.0,5.749511833283905,4.736862953800049,0.0,5.749511833283905,0.0,17.682714647305474,4.794537184071822,19.26246486877803,37.81602062862726,18.19910120538483,0.0,0.0,0.0,46.53,11.384295757348628,4.794537184071822,0.0,0.0,13.027703587438928,17.733784947906912,5.563451491696996,13.847474399381248,25.980208536304467,6.06636706846161,9.843390348640755,5.699819538926681,0.0,10.943172993766428,8.997308435745484,1.601784795708407,0.13645114218526977,6.096485226392107,1.3609906462585033,8.080653887683786,0.0,0.5333333333333333,18,1,3,0,0,0,0,1,0,1,0,0,2,1,3,0,6,0,0,0,0,0,4.764659062324396,1,3.573240000000002,72.06180000000005,1,0,0,0,0,0,0,0,1,1,1,0,0,0,0,0,0,0,0,0,0,0,0,0,0,0,0,0,0,0,2,0,0,0,1,0,0,0,0,0,0,1,0,0,0,0,0,0,0,0,0,0,0,0,0,0,0,0,0,0,0,0,0,0,0,0,0,0,0,0,0,0,0,0,0,0,0,0,0,0,0,0,0,0,0
Sulfamethazine,SMZ,5327,Pharmaceutical,5327,"4-amino-N-(4,6-dimethylpyrimidin-2-yl)benzenesulfonamide",sulfamethazine,Cc1cc(C)nc(NS(=O)(=O)c2ccc(N)cc2)n1,C12H14N4O2S,ASWVTGNCAZCNNR-UHFFFAOYSA-N,12.103550642479213,12.103550642479213,0.064189814814815,-3.6941666666666655,0.8285267006028038,11.263157894736842,278.33700000000005,264.22499999999997,278.08374668799996,100,0,0.26372364518031377,-0.3987277171274398,0.3987277171274398,0.26372364518031377,1.0526315789473684,1.5789473684210527,2.1052631578947367,32.2332712038801,10.31915504623712,2.1518565144207806,-2.0760068694502993,2.148899710749438,-2.152989421658106,7.9230761512846,0.6005316204203356,2.2671049329375124,2.330509006052534,675.9193645265303,14.043605595440512,10.583273677529261,11.399770258456988,8.865010527859459,5.57340142362747,7.056564671221862,4.148848371272201,5.831250612681719,2.398336602797666,3.7424074947465296,1.5976707738693907,2.541555037600322,-2.15,14228.350559115828,13.285625230484353,4.8483458693548895,3.194614632941851,111.30820628928309,5.733667477162185,0.0,0.0,5.948339280986494,10.023291153407584,0.0,0.0,23.10784889067544,0.0,0.0,0.0,44.179309741689295,17.075242264380485,4.895483475517775,8.417796984328938,21.65901670907764,0.0,9.967957041894417,0.0,18.742957874899023,10.455762341614273,41.71969133200497,0.0,0.0,10.455762341614273,11.635725555670057,0.0,0.0,18.385754026223353,10.023291153407584,13.847474399381248,11.387855989696922,35.227318817825825,0.0,0.0,0.0,97.97,10.023291153407584,8.417796984328938,0.0,10.84382275650427,17.075242264380485,0.0,24.26546827384644,19.913841467842857,0.0,14.690051906346504,5.733667477162185,26.55195200302343,0.0,8.187597946586044,0.0,7.417336997318058,0.064189814814815,7.676075949663612,0.0,3.5470139552607085,-3.6941666666666655,0.16666666666666666,19,3,6,0,0,0,0,1,1,2,0,0,5,2,7,1,3,0,0,0,0,0,3.390174010948206,2,1.47644,73.16890000000002,0,0,0,1,0,2,0,0,0,0,0,0,0,0,0,2,1,1,0,0,0,0,0,0,0,0,0,0,0,2,2,0,0,0,1,0,0,0,0,0,0,0,0,0,0,0,0,0,0,0,0,0,0,0,0,0,0,0,0,0,0,0,0,0,0,0,0,0,0,0,0,0,0,0,0,0,1,0,0,0,0,0,0,0,0
Bezafibrate,BZA,39042,Pharmaceutical,39042,2-[4-[2-[(4-chlorobenzoyl)amino]ethyl]phenoxy]-2-methylpropanoic acid,bezafibrate,CC(C)(Oc1ccc(CCNC(=O)c2ccc(Cl)cc2)cc1)C(=O)O,C19H20ClNO4,IIBYAHWJQTYFKB-UHFFFAOYSA-N,11.991023694776054,11.991023694776054,0.1529371005110538,-1.283659253314442,0.7902868665254312,11.0,361.82500000000005,341.6650000000001,361.10808579999997,132,0,0.34695272602597066,-0.4783043138373701,0.4783043138373701,0.34695272602597066,1.08,1.68,2.24,35.49569161784112,10.104969175320582,2.287170973076381,-2.210839957844458,2.1908343215798007,-2.373576013721525,6.3020365030972005,-0.15170071943447697,2.5629321954808972,1.8419609698915256,739.0243388895045,18.44938298937633,14.082938655790878,14.838867601809334,11.77569413038242,7.828926806460704,8.20689127946993,6.074269416323031,6.5107051967950165,3.6170419717047273,3.8690182870442125,2.086138697558333,2.212126855228076,-2.5299999999999994,287089.4128089882,18.80359904829144,8.030753673607165,5.499454014008261,151.12704371861741,15.160178952647087,5.749511833283905,5.601050810983688,0.0,5.907179729351506,5.969305287951849,4.794537184071822,4.794537184071822,0.0,0.0,23.733674027155736,62.229949924773905,17.130841211350898,0.0,19.4324647167844,23.47742490753587,0.0,5.316788604006331,0.0,25.869346833290944,6.544756405912575,64.6804728448282,0.0,5.749511833283905,10.05365155780638,0.0,5.749511833283905,11.600939890232516,29.128819629040326,11.21535880699783,0.0,29.76891456684706,48.53093654769288,5.022633313741326,0.0,0.0,75.63,11.570356098935537,9.589074368143644,0.0,5.907179729351506,29.30117466756081,5.563451491696996,13.847474399381248,36.39820241076966,12.13273413692322,5.316788604006331,21.44433023887327,5.448357931476133,5.796350904958853,23.051613986126718,12.493511833713757,0.28665299453963944,-0.6919757812918799,13.842379837774859,0.6546955922286612,3.4795238115843725,0.0,0.2631578947368421,25,2,5,0,0,0,1,2,0,2,0,0,3,2,6,0,7,0,0,0,0,0,6.040282885364106,2,3.5545000000000018,96.27400000000004,1,0,0,0,0,0,0,0,1,1,2,1,0,0,0,0,1,0,0,0,0,0,0,0,0,0,0,1,0,0,0,0,0,0,2,0,0,0,0,0,0,1,0,0,1,0,0,0,0,0,0,0,0,0,0,0,0,0,0,0,0,0,0,0,0,0,0,0,0,0,0,0,0,0,0,0,0,0,0,0,0,0,0,0,0
Ciprofloxacin,CPFX,2764,Pharmaceutical,2764,1-cyclopropyl-6-fluoro-4-oxo-7-piperazin-1-ylquinoline-3-carboxylic acid,ciprofloxacin,O=C(O)c1cn(C2CC2)c2cc(N3CCNCC3)c(F)cc2c1=O,C17H18FN3O3,MYSWGUAQZAJSOK-UHFFFAOYSA-N,14.607685185185183,14.607685185185183,0.1372078136810282,-1.2751022303881248,0.8932298763507216,18.125,331.34700000000004,313.20300000000003,331.13321965599994,126,0,0.3407230786793809,-0.4774970228339016,0.4774970228339016,0.3407230786793809,1.25,1.9583333333333333,2.5833333333333335,19.14221557544899,10.090180914172336,2.2763834013285016,-2.297744100277089,2.3770727924665436,-2.43489158164818,5.93258744823747,0.06945569478799431,3.403898859383536,1.9485981247024458,882.760256896872,16.844570503761737,13.088143604314618,13.088143604314618,11.558550648063802,8.13388326683475,8.13388326683475,6.373312034026568,6.373312034026568,4.729110360732636,4.729110360732636,3.3138575734326077,3.3138575734326077,-2.41,672746.5705685621,15.137295119421712,5.592172599010578,2.4478616810646066,137.04307093590964,19.89032537748887,11.38067233274289,0.0,5.428790391900541,0.0,5.969305287951849,4.794537184071822,9.184952231746642,0.0,0.0,0.0,24.974377382775238,43.80393423887613,11.204086992299825,14.291479626587348,22.559616494716465,0.0,9.883888251797686,0.0,18.88348407499998,31.078935354500782,39.93357761725155,0.0,0.0,15.64548872675735,10.077801322358383,0.0,0.0,41.82195795423421,0.0,5.817220841045895,29.241472750768796,23.124114892608116,0.0,10.902924932081056,0.0,74.57000000000001,17.215316520898284,19.086016810659167,0.0,16.991516535309753,24.293599804124977,25.93115605767717,12.263210640074686,6.06636706846161,9.467009378641833,5.316788604006331,0.0,16.43241047808012,0.0,25.714565710964518,12.6196285019594,0.1594360985134804,-1.755300643086537,3.07809812505249,3.290533509700176,2.9606282188163497,0.0,0.4117647058823529,24,2,6,1,1,2,0,1,1,2,0,0,4,2,7,2,3,1,1,2,0,0,3.5270986245819436,4,1.5833,88.47900000000006,0,0,0,0,1,1,0,0,1,1,1,0,0,0,0,2,1,0,0,0,0,0,0,0,0,0,0,0,0,1,0,0,0,0,1,0,1,0,0,0,0,0,0,0,1,0,0,0,0,0,0,0,0,0,0,0,0,0,0,0,0,0,0,0,0,0,0,0,0,0,1,0,0,1,0,0,0,0,0,0,0,0,0,0,0
Atenolol,AT,2249,Pharmaceutical,2249,2-[4-[2-hydroxy-3-(propan-2-ylamino)propoxy]phenyl]acetamide,atenolol,CC(C)NCC(O)COc1ccc(CC(N)=O)cc1,C14H22N2O3,METKIMKYRPQLGS-UHFFFAOYSA-N,10.74650781595826,10.74650781595826,0.22342602157943037,-0.5484295214999582,0.637673978167625,12.421052631578947,266.34099999999995,244.16499999999996,266.163042564,106,0,0.2213390427012444,-0.49084910947086335,0.49084910947086335,0.2213390427012444,1.368421052631579,2.0,2.526315789473684,16.4892017970335,10.135428507437313,2.058698782222431,-2.146590390007379,2.1227700032754084,-2.3467490856239834,5.760774776208165,-0.11689712002277113,2.345334627091968,2.346203475304779,390.18247960279086,14.25071237662706,11.42648240431471,11.42648240431471,8.96923425058676,6.385697080128182,6.385697080128182,4.814816657955222,4.814816657955222,2.505817681830794,2.505817681830794,1.5277985474625226,1.5277985474625226,-1.5899999999999999,13068.204542156445,15.467438253877082,7.759435821524982,6.785046519560318,113.30999399703728,20.893846429809273,18.460360185545124,0.0,5.907179729351506,0.0,0.0,4.794537184071822,0.0,0.0,0.0,25.980208536304467,17.696185628620217,12.586597235060536,6.4208216229260096,14.637927532712576,5.907179729351506,0.0,5.316788604006331,5.733667477162185,32.41410323920353,13.151638370425493,29.828919765543436,0.0,5.749511833283905,15.787319034968565,0.0,5.749511833283905,0.0,36.31115271151397,11.21535880699783,0.0,19.410925891078243,24.26546827384644,0.0,0.0,0.0,84.58,6.103966387748303,9.901064578912528,0.0,18.934883316790433,18.33610906834444,5.563451491696996,0.0,24.26546827384644,13.847474399381248,5.316788604006331,10.470530430962235,5.453870937263794,0.0,10.74650781595826,12.815085272605115,5.9573771903383275,0.30617384866611386,7.446397675404294,-0.3250034999205278,4.766257426351291,0.0,0.5,19,4,5,0,0,0,1,1,0,1,1,0,4,3,5,0,8,0,0,0,0,1,6.3167681291768245,1,0.4521,73.98090000000002,0,1,1,0,0,0,0,0,0,0,1,1,0,0,0,0,1,1,0,0,0,0,0,0,0,0,0,1,0,0,0,0,0,0,1,0,0,0,0,0,0,1,0,0,0,0,0,0,0,0,0,0,0,0,0,0,0,0,0,0,0,0,0,0,0,0,0,0,0,0,0,1,0,0,0,0,0,0,0,0,0,0,0,0,0
Estrone,E1,5870,Pharmaceutical,5870,"(8R,9S,13S,14S)-3-hydroxy-13-methyl-7,8,9,11,12,14,15,16-octahydro-6H-cyclopenta[a]phenanthren-17-one",estrone,CC12CCC3c4ccc(O)cc4CCC3C1CCC2=O,C18H22O2,DNXHEGUUPJUMQT-CBZIJGRNSA-N,12.261953206826043,12.261953206826043,0.03215352576215702,-0.03215352576215702,0.7778844237760111,39.05,270.37199999999996,248.19599999999994,270.161979944,106,0,0.13855567934776142,-0.5079560321952997,0.5079560321952997,0.13855567934776142,1.2,2.05,2.9,16.25471538959562,9.554594378469547,2.539261579747411,-2.4784042483954085,2.59055025740009,-2.41963264366603,5.867884424316855,-0.12886192656785142,2.7412569097074844,1.7284412573952104,576.7809963203815,13.905412915006313,12.062204188220864,12.062204188220864,9.593172145670254,7.9451867937222,7.9451867937222,7.216626093249668,7.216626093249668,6.419141686010243,6.419141686010243,5.339786647568971,5.339786647568971,-1.31,62569.18896407333,12.43213917090245,4.094792569960965,1.5377621231173344,119.74897088390837,5.106527394840706,11.532756779648844,0.0,0.0,0.0,0.0,4.794537184071822,0.0,0.0,0.0,12.990104268152233,73.11746337343145,11.83581209232279,0.0,9.901064578912528,5.783244946364939,0.0,0.0,17.250802561719567,51.36657298340809,0.0,29.32600418877882,0.0,5.749511833283905,0.0,0.0,5.749511833283905,0.0,10.889772341205646,11.21535880699783,17.250802561719567,56.07265434387607,18.19910120538483,0.0,0.0,0.0,37.3,0.0,9.901064578912528,0.0,5.41499046939678,29.286474918133024,32.10410811463005,17.54772460632,0.0,12.13273413692322,12.990104268152233,0.0,0.0,0.0,12.261953206826043,9.66558891650477,2.7452775022045857,2.7848295514193335,5.8977185689090454,6.343482825228857,2.2178160955740323,0.0,0.6111111111111112,20,1,2,3,0,3,0,1,0,1,4,0,2,1,2,0,0,2,0,2,0,4,2.5453515552866013,4,3.8174000000000032,77.73080000000004,0,0,0,0,0,0,0,1,0,0,1,1,0,0,0,0,0,0,0,0,0,0,0,0,0,0,0,0,0,0,1,0,0,0,1,0,5,0,0,0,0,0,0,0,0,0,0,0,0,0,0,1,1,0,0,0,0,0,0,0,0,0,0,0,0,1,1,0,0,0,0,0,0,0,0,0,0,0,0,0,0,0,0,0,0
Ketoprofen,KETO,3825,Pharmaceutical,3825,2-(3-benzoylphenyl)propanoic acid,ketoprofen,CC(C(=O)O)c1cccc(C(=O)c2ccccc2)c1,C16H14O3,DKYWVDODHFEZIM-UHFFFAOYSA-N,12.243546390778533,12.243546390778533,0.09718631897203278,-0.8987869530528256,0.8528036890699656,11.842105263157896,254.285,240.17299999999994,254.094294308,96,0,0.3101857384443935,-0.4807884998513802,0.4807884998513802,0.3101857384443935,0.9473684210526315,1.5789473684210527,2.210526315789474,16.366434075566715,9.95713553227558,2.1552632330084696,-2.0808338799225656,2.1835805574788405,-2.0868156191264347,6.086486129291249,-0.137866448594847,2.463074257573089,2.3400417314396122,602.4009276194483,13.828062645816686,10.537212868323945,10.537212868323945,9.092224152875016,6.018606434161971,6.018606434161971,4.380537845114364,4.380537845114364,3.055219667252702,3.055219667252702,1.8480184490952878,1.8480184490952878,-2.42,22591.317090460372,13.022119949627315,5.48174392776679,2.8809965743383805,111.065543735431,5.106527394840706,0.0,5.783244946364939,0.0,0.0,5.969305287951849,9.589074368143644,0.0,0.0,0.0,48.53093654769288,18.55355575984923,11.126902983393991,5.917906046161393,14.69560176298435,11.75255023431679,0.0,0.0,0.0,12.841643245852017,0.0,71.28765809124549,0.0,0.0,0.0,0.0,0.0,0.0,16.859077629157497,4.794537184071822,0.0,34.326534905014825,54.59730361615449,0.0,0.0,0.0,54.370000000000005,11.887211334113243,9.589074368143644,0.0,5.783244946364939,16.690354475090988,0.0,0.0,55.4546737473835,6.06636706846161,0.0,5.106527394840706,0.0,0.0,23.209487626470853,8.997030199438207,1.7441751700680277,-1.6177109053497936,15.728089337944134,0.0,1.605595238095238,0.0,0.125,19,1,3,0,0,0,0,2,0,2,1,0,2,1,3,0,4,0,0,0,0,1,3.757048787395806,2,3.1057000000000006,72.36730000000004,1,0,0,0,0,0,0,0,1,1,2,1,0,0,0,0,0,0,0,0,0,0,0,0,0,0,0,0,0,0,0,0,0,0,2,0,0,0,0,0,0,0,0,0,0,0,0,0,0,0,0,1,0,0,0,0,0,0,0,0,0,0,0,0,0,0,0,0,0,0,0,0,0,0,0,0,0,0,0,0,0,0,0,0,0
Triclosan,TCS,5564,Pharmaceutical,5564,"5-chloro-2-(2,4-dichlorophenoxy)phenol",triclosan,Oc1cc(Cl)ccc1Oc1ccc(Cl)cc1Cl,C12H7Cl3O2,XEFQLINVKFYRCS-UHFFFAOYSA-N,9.619554971165421,9.619554971165421,0.05229938271604939,-0.05229938271604939,0.8286850628089901,10.294117647058824,289.54499999999996,282.489,287.951162504,88,0,0.16871390166303316,-0.5042031316845323,0.5042031316845323,0.16871390166303316,0.8235294117647058,1.411764705882353,2.0,35.497910245886835,10.279407662947472,2.0750750782760634,-2.088715574351261,2.361441612232679,-1.8553717301679695,6.351081320478905,0.41125767151211357,2.251279230597277,2.3122378354877973,505.9421592432012,12.413849083443589,8.453456920129259,10.721243758184624,8.0585506480638,4.674869541152853,5.808762960180537,3.2888525696187103,4.568924257303286,2.034826296921987,2.8003900677145026,1.2532758781535327,1.8666891995174282,-1.0899999999999994,6760.591529483623,12.369104292002639,5.046296347606327,2.9732672324480336,113.30607498790891,9.843390348640755,5.749511833283905,11.49902366656781,0.0,0.0,0.0,0.0,0.0,0.0,0.0,34.802819670697545,30.33183534230805,16.111633695944263,5.022633313741326,9.843390348640755,34.802819670697545,0.0,0.0,0.0,0.0,0.0,51.46610235199364,0.0,17.248535499851716,4.736862953800049,0.0,17.248535499851716,34.802819670697545,5.106527394840706,0.0,0.0,0.0,36.39820241076966,15.067899941223978,0.0,0.0,29.46,0.0,5.106527394840706,0.0,11.49902366656781,20.817411774507885,0.0,6.06636706846161,30.33183534230805,0.0,0.0,39.5396826244976,5.450679012345679,17.4239577909353,0.0,10.931204158618183,0.0,0.6350261400856645,9.392466231348505,0.0,0.0,0.0,0.0,17,1,2,0,0,0,0,2,0,2,0,0,2,1,5,0,2,0,0,0,0,0,3.671656812464392,2,5.144700000000002,69.65280000000001,0,0,0,0,0,0,0,1,0,0,0,0,0,0,0,0,0,0,0,0,0,0,0,0,0,0,0,0,0,0,0,0,0,0,2,0,0,0,0,0,0,1,0,0,3,0,0,0,0,0,0,0,0,0,0,0,0,0,0,0,0,0,0,0,0,1,1,0,0,0,0,0,0,0,0,0,0,0,0,0,0,0,0,0,0
17-beta-Estradiol,E2,5757,Pharmaceutical,5757,"(8R,9S,13S,14S,17S)-13-methyl-6,7,8,9,11,12,14,15,16,17-decahydrocyclopenta[a]phenanthrene-3,17-diol",estradiol,CC12CCC3c4ccc(O)cc4CCC3C1CCC2O,C18H24O2,VOXZDWNPVJITMN-ZBRFXRBCSA-N,10.372486615016378,10.372486615016378,0.08827338960275499,-0.08827338960275499,0.7571697435556861,42.7,272.388,248.19599999999994,272.177630008,108,0,0.11537061826422038,-0.5079560321952997,0.5079560321952997,0.11537061826422038,1.15,2.0,2.85,16.269137177768485,9.5521140978416,2.5378422381153776,-2.4966273038731757,2.603738953521027,-2.434211651519902,5.396715522090719,-0.022575026859024915,2.7412569097074844,1.7111998765070122,538.2198018097886,13.905412915006313,12.178519762446586,12.178519762446586,9.593172145670254,8.092631572702832,8.092631572702832,7.436274352474407,7.436274352474407,6.660103851837375,6.660103851837375,5.541204479556272,5.541204479556272,-1.02,62569.18896407333,12.700482099286223,4.2366779154371,1.604791759224291,120.38168253606062,10.213054789681411,5.749511833283905,0.0,0.0,0.0,0.0,0.0,0.0,0.0,0.0,12.990104268152233,84.95327546575425,0.0,6.103966387748303,10.213054789681411,0.0,0.0,0.0,17.250802561719567,57.47053937115639,0.0,29.32600418877882,0.0,5.749511833283905,0.0,0.0,5.749511833283905,0.0,16.317021177429716,6.4208216229260096,17.250802561719567,56.07265434387607,18.19910120538483,0.0,0.0,0.0,40.46,0.0,10.213054789681411,0.0,11.518956857145081,17.58532392560669,25.18037091493942,30.38936785217202,0.0,12.13273413692322,12.990104268152233,0.0,0.0,0.0,0.0,20.0496733276644,2.991817090262031,2.488895646993365,5.955254314688839,6.780339821113631,2.317353132611069,0.0,0.6666666666666666,20,2,2,3,0,3,0,1,0,1,5,0,2,2,2,0,0,2,0,2,0,5,2.6903926012725075,4,3.6092000000000026,78.73060000000004,0,1,1,0,0,0,0,1,0,0,0,0,0,0,0,0,0,0,0,0,0,0,0,0,0,0,0,0,0,0,1,0,0,0,1,0,5,0,0,0,0,0,0,0,0,0,0,0,0,0,0,0,0,0,0,0,0,0,0,0,0,0,0,0,0,1,1,0,0,0,0,0,0,0,0,0,0,0,0,0,0,0,0,0,0
17-alpha-Ethinylestradiol,EE2,57495718,Pharmaceutical,57495718,"(8R,9S,14S,17S)-17-ethynyl-13-methyl-7,8,9,11,12,14,15,16-octahydro-6H-cyclopenta[a]phenanthrene-3,17-diol",17-alpha-ethinylestradiol,C#CC1(O)CCC2C3CCc4cc(O)ccc4C3CCC21C,C20H24O2,BFPYWIDHMRZLRN-LXKKFAQKSA-N,10.9072088372386,10.9072088372386,0.12763963687326818,-0.9187799456202228,0.7180018360911578,42.86363636363637,296.40999999999997,272.21799999999996,296.177630008,116,0,0.1303358784852834,-0.5079560321952997,0.5079560321952997,0.1303358784852834,1.2272727272727273,2.0454545454545454,2.8181818181818183,16.286057871300496,9.531586134083426,2.6051941799842484,-2.5162824974712095,2.6362045431955847,-2.4961247096590338,5.402636961818884,-0.06464647342410743,2.790408774112263,1.721704964542758,658.1613573389167,15.535169427003234,13.178519762446586,13.178519762446586,10.483112013795047,8.50334458083506,8.50334458083506,7.798061396688736,7.798061396688736,7.1004743637201875,7.1004743637201875,5.821907213476904,5.821907213476904,-1.4599999999999997,148000.49097014032,14.152613321456492,4.521896298442718,1.664422092346401,132.1107921567131,10.213054789681411,11.350562644267594,0.0,0.0,0.0,0.0,0.0,0.0,0.0,6.423349895620259,18.910538587007878,79.53828499635746,5.41499046939678,0.0,10.213054789681411,0.0,0.0,0.0,17.250802561719567,56.96762379439177,0.0,29.32600418877882,0.0,18.093296047759807,0.0,0.0,5.749511833283905,0.0,15.8141056006651,6.4208216229260096,29.59458677619547,56.07265434387607,18.19910120538483,0.0,0.0,0.0,40.46,5.601050810983688,10.213054789681411,0.0,5.41499046939678,23.503229971768086,38.524929737556064,11.126902983393991,0.0,12.13273413692322,18.910538587007878,6.423349895620259,0.0,0.0,0.0,20.628043391943553,1.691829530423281,4.817586370885207,5.874709624590577,11.77246869028705,2.2153623918703285,0.0,0.6,22,2,2,3,0,3,0,1,0,1,5,0,2,2,2,0,0,2,0,2,0,5,2.9089386268902366,4,3.6126000000000027,86.50660000000003,0,1,0,0,0,0,0,1,0,0,0,0,0,0,0,0,0,0,0,0,0,0,0,0,0,0,0,0,0,0,1,0,0,0,1,0,5,0,0,0,0,0,0,0,0,0,0,0,0,0,0,0,0,0,0,0,0,0,0,0,0,0,0,0,0,1,1,0,0,0,0,0,0,0,0,0,0,0,1,0,0,0,0,0,0
Sulfadiazine,SSD,5215,Pharmaceutical,5215,4-amino-N-pyrimidin-2-ylbenzenesulfonamide,sulfadiazine,Nc1ccc(S(=O)(=O)Nc2ncccn2)cc1,C10H10N4O2S,SEEPANYCNGTZFQ-UHFFFAOYSA-N,11.880950491307633,11.880950491307633,0.031782407407407565,-3.6606481481481477,0.7871395577774677,11.058823529411764,250.283,240.20299999999997,250.05244656,88,0,0.2637233954888739,-0.3987277171274398,0.3987277171274398,0.2637233954888739,1.0588235294117647,1.6470588235294117,2.235294117647059,32.233271045576984,10.319170390655497,2.1415057650483513,-2.054683408933426,2.136710750473386,-2.1428245429362165,7.923068764373256,0.6005673369912363,2.300312365529372,2.2855090743996467,595.9628413066204,12.303118619434356,8.737974215908514,9.55447079683624,8.077316827624754,4.731902005098876,6.215065252693267,3.2469326282650774,4.929334869674596,1.9818256722069905,3.325896564155853,1.1778813725604536,2.135887798712802,-2.15,7471.4145632394,11.338809720466916,4.380095906611953,2.6977263506132765,98.57832206048987,5.733667477162185,0.0,0.0,5.948339280986494,10.023291153407584,0.0,0.0,23.10784889067544,0.0,0.0,0.0,30.33183534230805,18.081073417909714,4.895483475517775,8.417796984328938,21.65901670907764,0.0,9.967957041894417,0.0,4.895483475517775,10.455762341614273,42.7255224855342,0.0,0.0,10.455762341614273,11.635725555670057,0.0,0.0,18.385754026223353,10.023291153407584,0.0,0.0,47.62100596105198,0.0,0.0,0.0,97.97,10.023291153407584,8.417796984328938,0.0,10.84382275650427,5.687386274683562,0.0,36.65915541707259,6.06636706846161,0.0,14.690051906346504,5.733667477162185,26.025085034013603,0.0,7.672129314688839,0.0,5.982518837016492,0.031782407407407565,7.461365065309871,2.904434156378601,0.0,-3.6606481481481477,0.0,17,3,6,0,0,0,0,1,1,2,0,0,5,2,7,1,3,0,0,0,0,0,2.921474943674645,2,0.8595999999999999,63.69490000000002,0,0,0,1,0,2,0,0,0,0,0,0,0,0,0,2,1,1,0,0,0,0,0,0,0,0,0,0,0,2,0,0,0,0,1,0,0,0,0,0,0,0,0,0,0,0,0,0,0,0,0,0,0,0,0,0,0,0,0,0,0,0,0,0,0,0,0,0,0,0,0,0,0,0,0,0,1,0,0,0,0,0,0,0,0
Clofibric-acid,CLF,2797,Pharmaceutical,2797,2-(4-chlorophenoxy)-2-methylpropanoic acid,clofibric acid,CC(C)(Oc1ccc(Cl)cc1)C(=O)O,C10H11ClO3,TXCGAZHTZHNUAI-UHFFFAOYSA-N,10.741274705355394,10.741274705355394,0.4877777777777783,-1.2283437263794403,0.8414278696289341,11.071428571428571,214.648,203.55999999999997,214.039671892,76,0,0.34695272609642047,-0.47830431383727967,0.47830431383727967,0.34695272609642047,1.3571428571428572,1.8571428571428572,2.2857142857142856,35.49569104429171,10.126545700701996,2.28642981006883,-2.2078610743044873,2.202220592892142,-2.3733047081101857,6.301079781106163,-0.15169678933747285,2.082298871294528,2.78645821345238,329.7252768616324,10.767584713501618,7.951075726195415,8.70700467221387,6.41552078507628,4.096328674996306,4.4742931480055335,3.371445150735785,3.8078809312077695,1.701685235129128,1.9536615504686128,0.8409209752209225,0.9669091328906648,-1.2199999999999998,1007.8326537065515,10.858247261345854,3.8814289100520467,2.6353839453400965,87.26373888571172,9.843390348640755,5.749511833283905,5.601050810983688,0.0,0.0,5.969305287951849,0.0,4.794537184071822,0.0,0.0,11.600939890232516,38.112942673227685,5.022633313741326,0.0,14.637927532712578,17.570245178184365,0.0,0.0,0.0,19.448525210364934,0.0,29.288101587587764,0.0,5.749511833283905,4.736862953800049,0.0,5.749511833283905,11.600939890232516,16.676883493776245,4.794537184071822,0.0,13.847474399381248,24.26546827384644,5.022633313741326,0.0,0.0,46.53,11.570356098935537,4.794537184071822,0.0,0.0,10.772145147025231,0.0,13.847474399381248,24.26546827384644,0.0,0.0,21.44433023887327,5.260061728395062,5.67357177850564,10.741274705355394,9.394507257635565,-1.2283437263794403,-0.5192129629629618,6.559211703199798,0.0,2.980040627362056,0.0,0.3,14,1,3,0,0,0,0,1,0,1,0,0,2,1,4,0,3,0,0,0,0,0,3.0103939166200897,1,2.5820000000000007,53.79480000000003,1,0,0,0,0,0,0,0,1,1,1,0,0,0,0,0,0,0,0,0,0,0,0,0,0,0,0,0,0,0,0,0,0,0,1,0,0,0,0,0,0,1,0,0,1,0,0,0,0,0,0,0,0,0,0,0,0,0,0,0,0,0,0,0,0,0,0,0,0,0,0,0,0,0,0,0,0,0,0,0,0,0,0,0,0
Oxypurinol,OXP,135398752,Pharmaceutical,135398752,"1,7-dihydropyrazolo[5,4-d]pyrimidine-4,6-dione",Oxypurinol,O=c1[nH]c(=O)c2cn[nH]c2[nH]1,C5H4N4O2,HXNFUBHNUDHIGC-UHFFFAOYSA-N,10.925092592592593,10.925092592592593,0.3460648148148149,-0.5354166666666667,0.44866812387763694,10.545454545454545,152.113,148.081,152.033425368,56,0,0.3268314294084884,-0.29170350228031827,0.3268314294084884,0.29170350228031827,1.2727272727272727,2.090909090909091,2.909090909090909,16.155695291617505,10.436447351927518,1.990512575996048,-1.832197472310731,1.9397575986535573,-2.2065514071332806,5.7098460155801005,1.0443948606373132,2.337841088205032,3.146011472251401,490.64199370972545,7.8449349826912425,5.34106044561731,5.34106044561731,5.270856947829097,2.9287291125558164,2.9287291125558164,2.066925713680827,2.066925713680827,1.3495583498990709,1.3495583498990709,0.8688229901437728,0.8688229901437728,-1.85,514.325039405107,5.899350869955592,1.8152833600191707,0.7592026919690413,59.272669783578266,0.0,11.033401435232523,0.0,0.0,5.559266895052007,5.689743398203474,19.861176034267274,4.794537184071822,5.098681808301038,0.0,0.0,0.0,0.0,6.196843571613076,0.0,11.033401435232523,0.0,20.16532065849649,0.0,0.0,0.0,27.034928233012202,0.0,0.0,11.24901029325548,0.0,0.0,0.0,20.16532065849649,0.0,0.0,0.0,15.785917939756718,0.0,11.033401435232523,0.0,94.4,11.24901029325548,9.589074368143644,0.0,0.0,11.033401435232523,0.0,6.196843571613076,0.0,0.0,20.16532065849649,0.0,0.0,0.0,26.02236111111111,6.415231481481483,-0.6222222222222222,0.0,0.0,1.3512962962962962,0.0,0.0,0.0,11,3,6,0,0,0,0,0,2,2,0,0,3,3,6,2,0,0,0,0,0,0,0.973544860831364,2,-1.0605000000000002,37.33509999999998,0,0,0,0,0,4,3,0,0,0,0,0,0,0,0,1,3,0,0,0,0,3,0,0,0,0,0,0,0,0,0,0,0,0,0,0,1,0,0,0,0,0,0,0,0,0,0,0,0,0,0,0,0,0,0,0,0,0,0,0,0,0,0,0,0,0,0,0,0,0,0,0,0,0,0,0,0,0,0,0,0,0,0,0,0
Cannabichromene,CBC,30219,Cannabinoid,30219,2-methyl-2-(4-methylpent-3-enyl)-7-pentylchromen-5-ol,CANNABICHROMENE,CCCCCc1cc(O)c2c(c1)OC(C)(CCC=C(C)C)C=C2,C21H30O2,UVOLYTDXHDXWJU-UHFFFAOYSA-N,10.272015960730787,10.272015960730787,0.2981826735323756,-0.2981826735323756,0.49116841629247265,19.130434782608695,314.46900000000005,284.229,314.2245802,126,0,0.13133572271420096,-0.5071783243338328,0.5071783243338328,0.13133572271420096,1.2608695652173914,2.0434782608695654,2.739130434782609,16.50373383017093,9.931178706038764,2.276796443135572,-2.3175033661787436,2.389456524642957,-2.313050406952417,5.673408782752144,0.12782559797137552,2.461215275431723,2.129457587414507,594.1042872870768,16.872032720186702,14.984853919031238,14.984853919031238,10.93247075091282,8.808376216547824,8.808376216547824,7.052073656776594,7.052073656776594,4.388016410812478,4.388016410812478,2.9694348084717155,2.9694348084717155,-1.6999999999999995,110136.92236029416,17.650700798326934,7.718305790607233,4.886304796268213,140.42827659925126,9.843390348640755,17.100074477551498,0.0,0.0,0.0,0.0,0.0,0.0,0.0,0.0,31.414505082445793,76.30272393306389,0.0,5.563451491696996,9.843390348640755,6.076020106833881,0.0,0.0,0.0,71.82092934730224,0.0,40.98478186405424,0.0,11.49902366656781,4.736862953800049,0.0,11.49902366656781,0.0,10.707578205824394,6.4208216229260096,0.0,70.92595989678654,29.85787888066025,0.0,6.076020106833881,0.0,29.46,0.0,5.106527394840706,0.0,5.601050810983688,5.749511833283905,42.55970130838193,18.414747775921285,0.0,12.142387175295491,45.91335608089186,4.736862953800049,6.252966742252457,0.0,0.0,10.272015960730787,3.012209164671755,1.1484216742252458,3.9875073223733937,12.846870058951467,8.563342410128227,0.0,0.5238095238095238,23,1,2,0,1,1,0,1,0,1,1,0,2,1,2,1,7,0,0,0,0,1,5.923195920869673,2,6.035600000000007,98.06780000000006,0,0,0,0,0,0,0,1,0,0,0,0,0,0,0,0,0,0,0,0,0,0,0,0,0,0,2,0,0,0,1,0,0,0,1,0,1,0,0,0,0,1,0,0,0,0,0,0,0,0,0,0,0,0,0,0,0,0,0,0,0,0,0,0,0,1,1,0,0,0,0,0,0,0,0,0,0,0,0,0,0,0,0,2,0
Cannabichromenic acid,CBCA,3084339,Cannabinoid,3084339,5-hydroxy-2-methyl-2-(4-methylpent-3-enyl)-7-pentylchromene-6-carboxylic acid,Cannabichromenic acid,CCCCCc1cc2c(c(O)c1C(=O)O)C=CC(C)(CCC=C(C)C)O2,C22H30O4,HRHJHXJQMNWQTF-UHFFFAOYSA-N,11.662236360977255,11.662236360977255,0.0011548464529167468,-1.0952853101116988,0.4596077150918405,18.153846153846153,358.47800000000007,328.23800000000006,358.21440943999994,142,0,0.3392836176561029,-0.5062617267752025,0.5062617267752025,0.3392836176561029,1.3076923076923077,2.0384615384615383,2.6538461538461537,16.503894918884406,9.908923591116052,2.3050455918674464,-2.321691071551902,2.4161200448170983,-2.315559373935561,5.948924846049328,0.06917331750892552,2.5350101817026625,2.3388635273213394,726.1480624255588,19.31962647737941,16.26296553580543,16.26296553580543,12.270674708364348,9.408756890340108,9.408756890340108,7.501578491287117,7.501578491287117,4.7863501814223035,4.7863501814223035,3.285008059833669,3.285008059833669,-2.2299999999999995,399948.55636722903,20.086451931039683,8.434163357217534,4.685513929707687,155.7489745658876,14.94991774348146,22.663525969248493,0.0,0.0,0.0,5.969305287951849,0.0,4.794537184071822,0.0,0.0,31.414505082445793,70.23635686460227,0.0,5.563451491696996,19.74445492755328,12.045325394785731,0.0,0.0,0.0,71.82092934730224,0.0,40.48186628728963,0.0,11.49902366656781,4.736862953800049,0.0,11.49902366656781,0.0,21.78341088861695,6.4208216229260096,0.0,81.28394857255536,23.791511812198642,0.0,6.076020106833881,0.0,66.76,11.570356098935537,15.007591973753234,0.0,11.3129633249809,23.297236439603903,32.10410811463005,5.573104530069267,12.142387175295491,12.999757306524504,26.847231705905752,4.736862953800049,6.1947770219198794,0.0,11.662236360977255,20.083901271797803,1.9157981097641277,-0.7153821544049714,1.8024074074074075,11.20415595669236,8.268772692512806,0.0,0.5,26,2,4,0,1,1,0,1,0,1,1,0,3,2,4,1,8,0,0,0,0,1,6.515862186664856,2,5.733800000000007,105.02710000000009,0,0,0,0,1,0,0,1,1,1,1,0,0,0,0,0,0,0,0,0,0,0,0,0,0,0,2,0,0,0,1,0,0,0,1,0,1,0,0,0,0,1,0,0,0,0,0,0,0,0,0,0,0,0,0,0,0,0,0,0,0,0,0,0,0,1,0,0,0,0,0,0,0,0,0,0,0,0,0,0,0,0,0,2,0
Cannabidiol,CBD,644019,Cannabinoid,644019,"2-[(1R,6R)-3-methyl-6-prop-1-en-2-ylcyclohex-2-en-1-yl]-5-pentylbenzene-1,3-diol",cannabidiol,C=C(C)C1CCC(C)=CC1c1c(O)cc(CCCCC)cc1O,C21H30O2,QHMBSVQNZZTUGM-ZWKOTPCHSA-N,10.547858481355505,10.547858481355505,0.019390563324094723,0.019390563324094723,0.5107748679217476,21.08695652173913,314.46900000000005,284.229,314.2245802,126,0,0.1228680700425884,-0.507496958287349,0.507496958287349,0.1228680700425884,1.2173913043478262,1.8695652173913044,2.4347826086956523,16.267814077888126,9.734342694368998,2.2949631953238767,-2.3110297914666287,2.4599214317229956,-2.168392894796353,5.513978029431029,0.4056649572773024,2.4633089217689985,2.337597235393336,574.8542872870768,16.98276318419594,14.730926005253881,14.730926005253881,10.934759407976113,8.810621447760548,8.810621447760548,7.035176467057496,7.035176467057496,4.978700780499613,4.978700780499613,3.6507729918090575,3.6507729918090575,-1.6999999999999995,112504.2450750337,17.650700798326934,7.718305790607233,4.1858930231699,140.10896512194037,10.213054789681411,11.49902366656781,0.0,0.0,0.0,0.0,0.0,0.0,0.0,0.0,43.56654529611355,63.144852565866884,11.48135753785839,0.0,10.213054789681411,0.0,0.0,0.0,5.917906046161393,65.21404738278932,0.0,47.06080197088812,0.0,11.49902366656781,0.0,0.0,11.49902366656781,0.0,10.213054789681411,6.4208216229260096,5.917906046161393,69.9201287432573,35.93389898749413,0.0,0.0,0.0,40.46,0.0,10.213054789681411,0.0,23.3348357588906,5.563451491696996,36.8198425134703,18.414747775921285,0.0,19.056471336613846,26.502430189813627,0.0,0.0,0.0,0.0,21.09571696271101,4.110900134617668,0.7405371688263098,3.6626473922902494,8.607925643719017,10.448939364502412,0.0,0.5238095238095238,23,2,2,1,0,1,0,1,0,1,2,0,2,2,2,0,6,0,0,0,0,2,5.923195920869673,2,5.846500000000007,97.03660000000005,0,0,0,0,0,0,0,2,0,0,0,0,0,0,0,0,0,0,0,0,0,0,0,0,0,0,3,0,0,0,1,0,0,0,1,0,0,0,0,0,0,0,0,0,0,0,0,0,0,0,0,0,0,0,0,0,0,0,0,0,0,0,0,0,0,2,2,0,0,0,0,0,0,0,0,0,0,0,0,0,0,0,0,2,0
Cannabidiolic acid,CBDA,160570,Cannabinoid,160570,"2,4-dihydroxy-3-[(1R,6R)-3-methyl-6-prop-1-en-2-ylcyclohex-2-en-1-yl]-6-pentylbenzoic acid",Cannabidiolic acid,C=C(C)C1CCC(C)=CC1c1c(O)cc(CCCCC)c(C(=O)O)c1O,C22H30O4,WVOLTBSCXRRQFR-DLBZAZTESA-N,11.826721308893926,11.826721308893926,0.026668083900226458,-1.1540421863189725,0.4412863523170308,19.884615384615383,358.4780000000002,328.23800000000006,358.21440943999994,142,0,0.3392713564411735,-0.5074961019354619,0.5074961019354619,0.3392713564411735,1.3076923076923077,2.0,2.576923076923077,16.368043572282282,9.729155603676187,2.3244596377653597,-2.3154668222782107,2.4758406314922583,-2.1803273105675176,5.935532634793176,0.06918010714530264,2.5376537460306188,2.5791459332057824,730.1480624255589,19.430356941388645,16.009037622028075,16.009037622028075,12.272963365427639,9.411002121552833,9.411002121552833,7.48468130156802,7.48468130156802,5.37703455110944,5.37703455110944,3.959088610216957,3.959088610216957,-2.23,409293.09738978645,20.086451931039683,8.434163357217534,4.115484207985117,155.42966308857677,15.319582184522117,17.062475158264807,0.0,0.0,0.0,5.969305287951849,0.0,4.794537184071822,0.0,0.0,43.56654529611355,57.07848549740528,11.48135753785839,0.0,20.11411936859394,5.969305287951849,0.0,0.0,5.917906046161393,65.21404738278932,0.0,46.55788639412351,0.0,11.49902366656781,0.0,0.0,11.49902366656781,0.0,21.288887472473967,6.4208216229260096,5.917906046161393,80.27811741902612,29.867531919032526,0.0,0.0,0.0,77.76,5.969305287951849,20.11411936859394,0.0,28.898287250587593,17.54772460632,37.67721264469932,11.639471598530879,0.0,19.92349450621513,13.502672883289122,0.0,0.0,0.0,11.826721308893926,31.14607646762409,2.8790898549502453,-1.6683708527156411,1.529194066515495,7.194433658962152,10.092855495769733,0.0,0.5,26,3,4,1,0,1,0,1,0,1,2,0,3,3,4,0,7,0,0,0,0,2,6.515862186664856,2,5.544700000000006,103.99590000000006,0,0,0,0,1,0,0,2,1,1,1,0,0,0,0,0,0,0,0,0,0,0,0,0,0,0,3,0,0,0,1,0,0,0,1,0,0,0,0,0,0,0,0,0,0,0,0,0,0,0,0,0,0,0,0,0,0,0,0,0,0,0,0,0,0,2,1,0,0,0,0,0,0,0,0,0,0,0,0,0,0,0,0,2,0
Cannabidivarin,CBDV,11601669,Cannabinoid,11601669,"2-[(1R,6R)-3-methyl-6-prop-1-en-2-ylcyclohex-2-en-1-yl]-5-propylbenzene-1,3-diol",Cannabidivarin,C=C(C)C1CCC(C)=CC1c1c(O)cc(CCC)cc1O,C19H26O2,REOZWEGFPHTFEI-JKSUJKDBSA-N,10.41795918367347,10.41795918367347,0.02030234315948576,0.02030234315948576,0.7588818401589705,21.952380952380953,286.41499999999996,260.20699999999994,286.193280072,114,0,0.1228680686427189,-0.5074969582929271,0.5074969582929271,0.1228680686427189,1.2857142857142858,1.9047619047619047,2.4285714285714284,16.267810362527676,9.734440357069966,2.2945617600782615,-2.3108980851533434,2.45941229390763,-2.1683072855534062,5.513817031539321,0.4057754938034378,2.37543367011132,2.4759108177247158,545.9242400693583,15.568549621822843,13.316712442880785,13.316712442880785,9.934759407976113,7.810621447760548,7.810621447760548,6.328069685870949,6.328069685870949,4.448370694609702,4.448370694609702,3.360323981171939,3.360323981171939,-1.6999999999999995,41218.525043771624,15.684382052464269,6.37981455811949,3.3145818704879035,127.37908089314718,10.213054789681411,11.49902366656781,0.0,0.0,0.0,0.0,0.0,0.0,0.0,0.0,37.14572367318754,56.72403094294087,11.48135753785839,0.0,10.213054789681411,0.0,0.0,0.0,5.917906046161393,52.372404136937305,0.0,47.06080197088812,0.0,11.49902366656781,0.0,0.0,11.49902366656781,0.0,10.213054789681411,6.4208216229260096,5.917906046161393,57.07848549740528,35.93389898749413,0.0,0.0,0.0,40.46,0.0,10.213054789681411,0.0,23.3348357588906,5.563451491696996,36.8198425134703,5.573104530069267,12.13273413692322,6.923737199690624,26.502430189813627,0.0,0.0,0.0,0.0,20.83591836734694,4.06542451394138,0.7182885854959267,3.5948696145124717,6.123425665210478,10.328739920159473,0.0,0.47368421052631576,21,2,2,1,0,1,0,1,0,1,2,0,2,2,2,0,4,0,0,0,0,2,4.7649261406390275,2,5.0663000000000045,87.80260000000003,0,0,0,0,0,0,0,2,0,0,0,0,0,0,0,0,0,0,0,0,0,0,0,0,0,0,3,0,0,0,1,0,0,0,1,0,0,0,0,0,0,0,0,0,0,0,0,0,0,0,0,0,0,0,0,0,0,0,0,0,0,0,0,0,0,2,2,0,0,0,0,0,0,0,0,0,0,0,0,0,0,0,0,0,0
Cannabidivarinic acid,CBDVA,59444387,Cannabinoid,59444387,"2,4-dihydroxy-3-[(1R,6R)-3-methyl-6-prop-1-en-2-ylcyclohex-2-en-1-yl]-6-propylbenzoic acid",Cannabidivarinic acid,C=C(C)C1CCC(C)=CC1c1c(O)cc(CCC)c(C(=O)O)c1O,C20H26O4,CZXWOKHVLNYAHI-LSDHHAIUSA-N,11.668851332199548,11.668851332199548,0.03874999999999984,-1.1661241024187456,0.6799226052600509,20.541666666666668,330.4240000000001,304.216,330.18310931199994,130,0,0.33927135497990046,-0.5074961019410651,0.5074961019410651,0.33927135497990046,1.375,2.0416666666666665,2.5833333333333335,16.368039889402606,9.729319268118456,2.323737634994389,-2.315276544523662,2.4752026346092872,-2.1800631135823156,5.93548350329599,0.06918472628485245,2.4601515969429704,2.6846609108972843,700.0806666507516,18.016143379015546,14.59482405965498,14.59482405965498,11.272963365427639,8.411002121552833,8.411002121552833,6.777574520381473,6.777574520381473,4.846704465219527,4.846704465219527,3.6629757572500785,3.6629757572500785,-2.23,150856.49592454295,18.113624517308427,7.118487289121332,3.3248602031158723,142.69977885978358,15.319582184522117,17.062475158264807,0.0,0.0,0.0,5.969305287951849,0.0,4.794537184071822,0.0,0.0,37.14572367318754,50.65766387447927,11.48135753785839,0.0,20.11411936859394,5.969305287951849,0.0,0.0,5.917906046161393,52.372404136937305,0.0,46.55788639412351,0.0,11.49902366656781,0.0,0.0,11.49902366656781,0.0,21.288887472473967,6.4208216229260096,5.917906046161393,67.43647417317409,29.867531919032526,0.0,0.0,0.0,77.76,5.969305287951849,20.11411936859394,0.0,28.898287250587593,17.54772460632,24.835569398847298,11.639471598530879,0.0,26.847231705905752,6.578935683598497,0.0,0.0,0.0,11.668851332199548,30.75637857457798,2.8157873257327632,-1.7027013521457979,1.4953051776266062,5.055703710687928,9.910675231320974,0.0,0.45,24,3,4,1,0,1,0,1,0,1,2,0,3,3,4,0,5,0,0,0,0,2,5.372566911932356,2,4.764500000000004,94.76190000000004,0,0,0,0,1,0,0,2,1,1,1,0,0,0,0,0,0,0,0,0,0,0,0,0,0,0,3,0,0,0,1,0,0,0,1,0,0,0,0,0,0,0,0,0,0,0,0,0,0,0,0,0,0,0,0,0,0,0,0,0,0,0,0,0,0,2,1,0,0,0,0,0,0,0,0,0,0,0,0,0,0,0,0,0,0
Cannabigerol,CBG,5315659,Cannabinoid,5315659,"2-[(2E)-3,7-dimethylocta-2,6-dienyl]-5-pentylbenzene-1,3-diol",Cannabigerol,CCCCCc1cc(O)c(CC=C(C)CCC=C(C)C)c(O)c1,C21H32O2,QXACEHWTBCFNSA-SFQUDFHCSA-N,10.191691886656713,10.191691886656713,0.21282123960695398,0.21282123960695398,0.4288242824892194,11.565217391304348,316.485,284.229,316.240230264,128,0,0.12255703370650733,-0.5075088127278822,0.5075088127278822,0.12255703370650733,1.0,1.6521739130434783,2.217391304347826,16.267671943241957,10.001444772698882,2.0859423004995823,-2.093031993908013,2.3036048577005213,-1.9101319809801438,5.473299854714885,0.43900395874045006,2.459291273481487,2.6744972622991114,525.9551515505052,17.242276208189782,15.153575736064255,15.153575736064255,10.934759407976113,8.76352793696293,8.76352793696293,6.6444815954973695,6.6444815954973695,4.0775209617003725,4.0775209617003725,2.5978017661670934,2.5978017661670934,-1.6999999999999995,86623.61652583843,19.346948356807513,10.145778153470461,7.4047936476816005,141.11479627546962,10.213054789681411,11.49902366656781,0.0,0.0,0.0,0.0,0.0,0.0,0.0,0.0,43.06362971934894,70.57150534232213,5.563451491696996,0.0,10.213054789681411,0.0,0.0,0.0,0.0,72.64070015924456,0.0,46.55788639412351,0.0,11.49902366656781,0.0,0.0,11.49902366656781,0.0,10.213054789681411,12.841643245852019,0.0,70.92595989678654,35.43098341072952,0.0,0.0,0.0,40.46,0.0,10.213054789681411,0.0,11.49902366656781,11.984273114623004,31.246737983401033,23.98785230599055,12.13273413692322,0.0,39.84698901243026,0.0,0.0,0.0,0.0,20.383383773313426,4.270683722704844,0.4256424792139082,3.605292422524565,11.324177416852432,8.490820185390824,0.0,0.5238095238095238,23,2,2,0,0,0,0,1,0,1,0,0,2,2,2,0,9,0,0,0,0,0,8.534341129339952,1,6.065700000000007,99.12660000000005,0,0,0,0,0,0,0,2,0,0,0,0,0,0,0,0,0,0,0,0,0,0,0,0,0,0,4,0,0,0,1,0,0,0,1,0,0,0,0,0,0,0,0,0,0,0,0,0,0,0,0,0,0,0,0,0,0,0,0,0,0,0,0,0,0,2,2,0,0,0,0,0,0,0,0,0,0,0,0,0,0,0,0,2,0
Cannabigerolic acid,CBGA,6449999,Cannabinoid,6449999,"3-[(2E)-3,7-dimethylocta-2,6-dienyl]-2,4-dihydroxy-6-pentylbenzoic acid",Cannabigerolic acid,CCCCCc1cc(O)c(CC=C(C)CCC=C(C)C)c(O)c1C(=O)O,C22H32O4,SEEZIOZEUUMJME-FOWTUZBSSA-N,11.618594425036212,11.618594425036212,0.03486394557823114,-1.1532331559166875,0.36581274470124714,11.461538461538462,360.49400000000014,328.23800000000006,360.23005950399994,144,0,0.33927115154141024,-0.5075079569103383,0.5075079569103383,0.33927115154141024,1.1153846153846154,1.8076923076923077,2.3846153846153846,16.368032294284802,9.945187834482695,2.2110800725769217,-2.135824219491132,2.3516440227259396,-2.0543546052561004,5.933513827534162,0.06919069836209683,2.5338353375100815,3.02982605360892,679.8729299584363,19.689869965382485,16.43168735283845,16.43168735283845,12.272963365427639,9.363908610755216,9.363908610755216,7.093986430007893,7.093986430007893,4.47334555702718,4.47334555702718,2.9179697616739992,2.9179697616739992,-2.23,315087.4918900537,21.81206983592764,10.691667865973654,6.583206110953038,156.43549424210602,15.319582184522117,17.062475158264807,0.0,0.0,0.0,5.969305287951849,0.0,4.794537184071822,0.0,0.0,43.06362971934894,64.50513827386052,5.563451491696996,0.0,20.11411936859394,5.969305287951849,0.0,0.0,0.0,72.64070015924456,0.0,46.05497081735889,0.0,11.49902366656781,0.0,0.0,11.49902366656781,0.0,21.288887472473967,12.841643245852019,0.0,81.28394857255535,29.364616342267908,0.0,0.0,0.0,77.76,5.969305287951849,20.11411936859394,0.0,22.6259266499618,18.405094737549014,37.67721264469932,11.639471598530879,0.0,12.999757306524504,26.847231705905752,0.0,0.0,0.0,11.618594425036212,30.264922688877796,3.115472828417021,-1.496109195221298,1.500516581632653,9.633685536815548,8.1962504677754,0.0,0.5,26,3,4,0,0,0,0,1,0,1,0,0,3,3,4,0,10,0,0,0,0,0,8.96951562135234,1,5.763900000000006,106.08590000000007,0,0,0,0,1,0,0,2,1,1,1,0,0,0,0,0,0,0,0,0,0,0,0,0,0,0,4,0,0,0,1,0,0,0,1,0,0,0,0,0,0,0,0,0,0,0,0,0,0,0,0,0,0,0,0,0,0,0,0,0,0,0,0,0,0,2,1,0,0,0,0,0,0,0,0,0,0,0,0,0,0,0,0,2,0
Cannabicyclol,CBL,59444380,Cannabinoid,59444380,"(1R,9R,12S,14R)-9,13,13-trimethyl-5-pentyl-8-oxatetracyclo[7.4.1.02,7.012,14]tetradeca-2,4,6-trien-3-ol",Cannabipinol,CCCCCc1cc(O)c2c(c1)OC1(C)CCC3C1C2C3(C)C,C21H30O2,IGHTZQUIFGUJTG-QSMXQIJUSA-N,10.744893628747796,10.744893628747796,0.021492858717561125,-0.021492858717561125,0.7513007357671475,35.91304347826087,314.46900000000005,284.229,314.2245802,126,0,0.1271267505211304,-0.5075089940951617,0.5075089940951617,0.1271267505211304,1.2173913043478262,2.0,2.739130434782609,16.506548860597352,9.447180100915512,2.6907237850697903,-2.6184829994634304,2.7370245463813383,-2.591521211557498,5.545734668122904,-0.12052074774746838,2.8107622604869484,1.726972071995421,632.9738947973239,16.405412915006313,14.984853919031238,14.984853919031238,10.88199393526087,9.430384684475971,9.430384684475971,8.868580510055684,8.868580510055684,7.109831872854592,7.109831872854592,5.918132889726895,5.918132889726895,-1.18,176448.41166432868,15.353685565889066,4.908423477457827,1.9935499959395226,139.7958203565613,9.843390348640755,17.100074477551498,0.0,0.0,0.0,0.0,0.0,0.0,0.0,0.0,33.61285484492389,61.63610583557305,17.399263584019785,0.0,9.843390348640755,0.0,0.0,0.0,17.250802561719567,77.73883539346363,0.0,23.259637120317212,0.0,11.49902366656781,4.736862953800049,0.0,11.49902366656781,0.0,10.707578205824394,6.4208216229260096,17.250802561719567,76.84386594294793,12.13273413692322,0.0,0.0,0.0,29.46,0.0,5.106527394840706,0.0,11.016041280380467,17.585323925606694,30.072512616994313,31.246737983401033,0.0,6.06636706846161,33.761315867224106,4.736862953800049,6.505307067271353,0.0,0.0,10.744893628747796,2.576295616527399,3.220102664841571,4.215060941043084,7.11749962844795,9.287507119787513,0.0,0.7142857142857143,23,1,2,2,1,3,0,1,0,1,4,0,2,1,2,1,4,2,0,2,0,4,3.2766256824832722,4,5.425600000000006,93.10480000000007,0,0,0,0,0,0,0,1,0,0,0,0,0,0,0,0,0,0,0,0,0,0,0,0,0,0,0,0,0,0,1,0,0,0,1,0,2,0,0,0,0,1,0,0,0,0,0,0,0,0,0,0,0,0,0,0,0,0,0,0,0,0,0,0,0,1,1,0,0,0,0,0,0,0,0,0,0,0,0,0,0,0,0,2,0
Cannabicyclolic acid,CBLA,71437560,Cannabinoid,71437560,"3-hydroxy-9,13,13-trimethyl-5-pentyl-8-oxatetracyclo[7.4.1.02,7.012,14]tetradeca-2(7),3,5-triene-4-carboxylic acid",Cannabicyclolic acid,CCCCCc1cc2c(c(O)c1C(=O)O)C1C3C(CCC3(C)O2)C1(C)C,C22H30O4,JVOHLEIRDMVLHS-UHFFFAOYSA-N,11.931869212962962,11.931869212962962,0.04909863945578197,-1.0368192554799698,0.7166743480175848,33.0,358.4780000000001,328.23800000000006,358.21440943999994,142,0,0.3392711454300336,-0.5065932313414893,0.5065932313414893,0.3392711454300336,1.3076923076923077,2.0384615384615383,2.6923076923076925,16.506716944957358,9.446266456727034,2.6931405165638522,-2.619021777454362,2.7396104098762435,-2.5922871755842682,5.936981643267009,-0.12055432799640114,2.8849273862112663,1.8470364315498529,765.8960196601455,18.853006672199015,16.26296553580543,16.26296553580543,12.220197892712397,10.030765358268255,10.030765358268255,9.318085344566208,9.318085344566208,7.508165643464419,7.508165643464419,6.228123866246533,6.228123866246533,-1.7099999999999997,638532.5180996844,17.69128669700102,5.641375188604474,2.1664424954939117,155.11651832319765,14.94991774348146,22.663525969248493,0.0,0.0,0.0,5.969305287951849,0.0,4.794537184071822,0.0,0.0,33.61285484492389,55.56973876711143,17.399263584019785,0.0,19.74445492755328,5.969305287951849,0.0,0.0,17.250802561719567,77.73883539346363,0.0,22.756721543552597,0.0,11.49902366656781,4.736862953800049,0.0,11.49902366656781,0.0,21.78341088861695,6.4208216229260096,17.250802561719567,87.20185461871675,6.06636706846161,0.0,0.0,0.0,66.76,5.969305287951849,15.007591973753234,0.0,28.24691065152276,23.82008520694579,43.41707143961095,0.0,0.0,6.06636706846161,27.694948798762496,4.736862953800049,6.447117346938775,0.0,11.931869212962962,20.783826176303855,1.4173172057186314,0.7694157789761142,1.914050925925926,5.896222386069518,8.840180967104217,0.0,0.6818181818181818,26,2,4,2,1,3,0,1,0,1,4,0,3,2,4,1,5,2,0,2,0,4,3.8385840702673053,4,5.1238000000000055,100.0641000000001,0,0,0,0,1,0,0,1,1,1,1,0,0,0,0,0,0,0,0,0,0,0,0,0,0,0,0,0,0,0,1,0,0,0,1,0,2,0,0,0,0,1,0,0,0,0,0,0,0,0,0,0,0,0,0,0,0,0,0,0,0,0,0,0,0,1,0,0,0,0,0,0,0,0,0,0,0,0,0,0,0,0,0,2,0
Cannabinol,CBN,2543,Cannabinoid,2543,"6,6,9-trimethyl-3-pentylbenzo[c]chromen-1-ol",cannabinol,CCCCCc1cc(O)c2c(c1)OC(C)(C)c1ccc(C)cc1-2,C21H26O2,VBGLYOIFKLUMQG-UHFFFAOYSA-N,10.621581081506676,10.621581081506676,0.32995228647014385,-0.3844095253842277,0.7309131417504726,14.782608695652174,310.43700000000007,284.229,310.193280072,122,0,0.13198575939386362,-0.5071546561245767,0.5071546561245767,0.13198575939386362,1.0869565217391304,1.8695652173913044,2.608695652173913,16.50390767333251,9.840850155726955,2.3373617758674086,-2.3532617292620874,2.4927214638800232,-2.290076951568213,5.819048240804275,0.10499529333937077,2.4550054638976895,2.0879474932492195,728.8616955236905,16.612519696192862,14.570640356658142,14.570640356658142,10.919852082725852,8.585249670085501,8.585249670085501,7.106598595441451,7.106598595441451,4.668301659638515,4.668301659638515,3.4506895440190237,3.4506895440190237,-1.9599999999999993,138339.5578906348,15.917549913194444,5.917025082879839,2.9473801714563375,138.6749241833041,9.843390348640755,17.100074477551498,0.0,0.0,0.0,0.0,0.0,0.0,0.0,0.0,43.52793314262447,56.872491965241096,5.563451491696996,5.563451491696996,9.843390348640755,0.0,0.0,0.0,0.0,58.979286101450214,0.0,47.02218981739904,0.0,22.6259266499618,4.736862953800049,0.0,11.49902366656781,0.0,5.106527394840706,12.021872433909698,6.923737199690624,56.724030942940885,30.33183534230805,0.0,11.126902983393991,0.0,29.46,0.0,5.106527394840706,0.0,5.601050810983688,5.749511833283905,40.8449610459239,18.405094737549014,0.0,6.06636706846161,51.960417072608934,4.736862953800049,6.253419312169312,0.0,0.0,10.621581081506676,5.0194637045270625,1.135136054421769,10.377226575432744,4.547905750129099,8.461934188480004,0.0,0.42857142857142855,23,1,2,0,1,1,0,2,0,2,0,0,2,1,2,1,4,0,0,0,0,0,4.094980091059275,3,5.727820000000007,95.16280000000008,0,0,0,0,0,0,0,1,0,0,0,0,0,0,0,0,0,0,0,0,0,0,0,0,0,0,0,0,0,0,2,0,0,0,2,0,3,0,0,0,0,1,0,0,0,0,0,0,0,0,0,0,0,0,0,0,0,0,0,0,0,0,0,0,0,1,1,0,0,0,0,0,0,0,0,0,0,0,0,0,0,0,0,2,0
Cannabinolic acid,CBNA,3081990,Cannabinoid,3081990,"1-hydroxy-6,6,9-trimethyl-3-pentylbenzo[c]chromene-2-carboxylic acid",Cannabinolic acid,CCCCCc1cc2c(c(O)c1C(=O)O)-c1cc(C)ccc1C(C)(C)O2,C22H26O4,KXKOBIRSQLNUPS-UHFFFAOYSA-N,11.866550492882338,11.866550492882338,0.004059901738472815,-1.101078514739229,0.7030441226941844,14.307692307692308,354.4460000000001,328.23800000000006,354.18310931199994,138,0,0.33928402311195643,-0.5062379741744428,0.5062379741744428,0.33928402311195643,1.1923076923076923,1.9230769230769231,2.576923076923077,16.504070476606582,9.828064362660442,2.359329111416251,-2.357076691513363,2.5086897757784583,-2.293747965684897,5.979595496172716,0.06916880923809944,2.529669542170879,2.243960100257412,864.9313488043181,19.060113453385565,15.848751973432337,15.848751973432337,12.25805604017738,9.185630343877785,9.185630343877785,7.556103429951974,7.556103429951974,5.068131196284266,5.068131196284266,3.7582054756737238,3.7582054756737238,-2.49,502832.5335754743,18.305546623095054,6.671788284618696,3.0452248636902914,153.9956221499405,14.94991774348146,22.663525969248493,0.0,0.0,0.0,5.969305287951849,0.0,4.794537184071822,0.0,0.0,43.52793314262447,50.80612489677948,5.563451491696996,5.563451491696996,19.74445492755328,5.969305287951849,0.0,0.0,0.0,58.979286101450214,0.0,46.519274240634424,0.0,22.6259266499618,4.736862953800049,0.0,11.49902366656781,0.0,16.182360077633263,12.021872433909698,6.923737199690624,67.08201961870971,24.26546827384644,0.0,11.126902983393991,0.0,66.76,11.570356098935537,15.007591973753234,0.0,11.3129633249809,23.297236439603903,35.95281934386902,0.0,6.06636706846161,38.9703128044567,6.923737199690624,4.736862953800049,6.195229591836734,0.0,11.866550492882338,20.598474229969767,3.4082210269004563,-0.7344609788359784,7.785306696370008,3.565144979154043,8.065533961722634,0.0,0.4090909090909091,26,2,4,0,1,1,0,2,0,2,0,0,3,2,4,1,5,0,0,0,0,0,4.697335827057959,3,5.4260200000000065,102.12210000000009,0,0,0,0,1,0,0,1,1,1,1,0,0,0,0,0,0,0,0,0,0,0,0,0,0,0,0,0,0,0,2,0,0,0,2,0,3,0,0,0,0,1,0,0,0,0,0,0,0,0,0,0,0,0,0,0,0,0,0,0,0,0,0,0,0,1,0,0,0,0,0,0,0,0,0,0,0,0,0,0,0,0,0,2,0
Delta-8-Tetrahydrocannabinol,d8-THC,638026,Cannabinoid,638026,"(6aR,10aR)-6,6,9-trimethyl-3-pentyl-6a,7,10,10a-tetrahydrobenzo[c]chromen-1-ol",delta-8-tetrahydrocannabinol,CCCCCc1cc(O)c2c(c1)OC(C)(C)C1CC=C(C)CC21,C21H30O2,HCAWPGARWVBULJ-IAGOWNOFSA-N,10.689636637062232,10.689636637062232,0.17723359945830164,-0.17723359945830164,0.5673159936374234,25.130434782608695,314.46900000000005,284.229,314.2245802,126,0,0.1271011406657786,-0.507509172593455,0.507509172593455,0.1271011406657786,1.2608695652173914,2.0434782608695654,2.782608695652174,16.504905868257268,9.66856595984865,2.451266008441731,-2.4664845005015805,2.5366497012927973,-2.4499503092385915,5.52300339668833,0.0075260425306464375,2.4550054638976895,1.9635841062797426,612.5127389825382,16.612519696192862,14.984853919031238,14.984853919031238,10.919852082725853,9.124872797475552,9.124872797475552,7.8926643169986495,7.8926643169986495,5.633612082024133,5.633612082024133,4.3435043628721,4.3435043628721,-1.4399999999999997,138339.5578906348,16.418913124313605,6.220672056037987,3.1310886377156444,140.11204847790626,9.843390348640755,17.100074477551498,0.0,0.0,0.0,0.0,0.0,0.0,0.0,0.0,31.414505082445793,64.15068371939611,17.399263584019785,0.0,9.843390348640755,0.0,0.0,0.0,5.917906046161393,77.73883539346363,0.0,34.90876175722036,0.0,11.49902366656781,4.736862953800049,0.0,11.49902366656781,0.0,10.707578205824394,6.4208216229260096,5.917906046161393,76.84386594294791,23.781858773826368,0.0,0.0,0.0,29.46,0.0,5.106527394840706,0.0,5.601050810983688,17.585323925606694,30.575428193758928,30.399020890544293,0.0,6.06636706846161,39.83733597405798,4.736862953800049,6.362539682539682,0.0,0.0,10.689636637062232,3.4981018818926923,2.171879761418903,4.150023148148148,9.06297912959822,8.81483975934012,0.0,0.6190476190476191,23,1,2,1,1,2,0,1,0,1,2,0,2,1,2,1,4,0,0,0,0,2,4.440724959257956,3,5.7358000000000064,95.26480000000006,0,0,0,0,0,0,0,1,0,0,0,0,0,0,0,0,0,0,0,0,0,0,0,0,0,0,2,0,0,0,1,0,0,0,1,0,3,0,0,0,0,1,0,0,0,0,0,0,0,0,0,0,0,0,0,0,0,0,0,0,0,0,0,0,0,1,1,0,0,0,0,0,0,0,0,0,0,0,0,0,0,0,0,2,0
Delta-9-Tetrahydrocannabinol,d9-THC,16078,Cannabinoid,16078,"(6aR,10aR)-6,6,9-trimethyl-3-pentyl-6a,7,8,10a-tetrahydrobenzo[c]chromen-1-ol",Dronabinol,CCCCCc1cc(O)c2c(c1)OC(C)(C)C1CCC(C)=CC21,C21H30O2,CYQFCXCEBYINGO-IAGOWNOFSA-N,10.679840718694885,10.679840718694885,0.17723359945830164,-0.17723359945830164,0.5673159936374234,25.130434782608695,314.46900000000005,284.229,314.2245802,126,0,0.12741135544006305,-0.5074970062918116,0.5074970062918116,0.12741135544006305,1.2608695652173914,2.0434782608695654,2.782608695652174,16.50490145670785,9.676543721848802,2.446697333810777,-2.461476126355345,2.529415944511208,-2.4475323583812933,5.534926885525811,0.01071008736929896,2.4550054638976895,1.9891758863693303,612.5127389825382,16.612519696192862,14.984853919031238,14.984853919031238,10.919852082725853,9.141709549881158,9.141709549881158,7.873345918169845,7.873345918169845,5.595564943912695,5.595564943912695,4.302686489418685,4.302686489418685,-1.4399999999999997,138339.5578906348,16.418913124313605,6.220672056037987,3.1310886377156444,140.11204847790628,9.843390348640755,17.100074477551498,0.0,0.0,0.0,0.0,0.0,0.0,0.0,0.0,31.414505082445793,64.15068371939611,17.399263584019785,0.0,9.843390348640755,0.0,0.0,0.0,5.917906046161393,77.73883539346363,0.0,34.90876175722036,0.0,11.49902366656781,4.736862953800049,0.0,11.49902366656781,0.0,10.707578205824394,6.4208216229260096,5.917906046161393,76.84386594294791,23.781858773826368,0.0,0.0,0.0,29.46,0.0,5.106527394840706,0.0,11.518956857145081,11.6674178794453,30.575428193758928,30.399020890544293,0.0,6.06636706846161,39.83733597405798,4.736862953800049,6.362539682539682,0.0,0.0,10.679840718694885,3.456469937448248,2.043407539196681,4.130431311413455,9.26364470289023,8.813666107816818,0.0,0.6190476190476191,23,1,2,1,1,2,0,1,0,1,2,0,2,1,2,1,4,0,0,0,0,2,4.440724959257956,3,5.7358000000000064,95.26480000000006,0,0,0,0,0,0,0,1,0,0,0,0,0,0,0,0,0,0,0,0,0,0,0,0,0,0,2,0,0,0,1,0,0,0,1,0,3,0,0,0,0,1,0,0,0,0,0,0,0,0,0,0,0,0,0,0,0,0,0,0,0,0,0,0,0,1,1,0,0,0,0,0,0,0,0,0,0,0,0,0,0,0,0,2,0
Tetrahydrocannabinolic acid,THCA,3082459,Cannabinoid,3082459,"1-hydroxy-6,6,9-trimethyl-3-pentyl-6a,10a-dihydro-4H-benzo[c]chromene-4a-carboxylic acid","6H-Dibenzo(b,d)pyrancarboxylic acid, 6a,7,8,10a(or 6a,7,10,10a)-tetrahydro-1-hydroxy-6,6-dimethyl-3-pentyl-, (6aR-trans)-",CCCCCC1=CC(O)=C2C3C=C(C)C=CC3C(C)(C)OC2(C(=O)O)C1,C22H30O4,YZGCYNMNFASAOK-UHFFFAOYSA-N,12.4392365047871,12.4392365047871,0.005431847376742294,-1.4791587537792896,0.6718746313689528,32.46153846153846,358.4780000000001,328.23800000000006,358.21440943999994,142,0,0.3403752197607549,-0.5078600500081452,0.5078600500081452,0.3403752197607549,1.3461538461538463,2.076923076923077,2.730769230769231,16.549942481282933,9.6247514463148,2.5936714113683728,-2.5325325213664973,2.539414435400836,-2.600863795986031,5.842490534448522,-0.20076394831905137,2.5302618891046427,2.0936652967934886,722.4242795496203,19.112519696192862,16.210559292998138,16.210559292998138,12.209179757220218,9.642737125064333,9.642737125064333,8.394431514929469,8.394431514929469,5.943953435922898,5.943953435922898,4.733882265352391,4.733882265352391,-1.8099999999999998,471820.4647232318,18.965590484025675,6.730258871762448,3.046344556132868,155.4906646747763,14.94991774348146,5.759164871656176,5.601050810983688,0.0,0.0,5.969305287951849,0.0,4.794537184071822,0.0,0.0,49.13964982618282,39.68887495175777,23.829738245318065,5.601050810983688,19.74445492755328,5.969305287951849,0.0,0.0,11.835812092322787,71.0011585353599,0.0,46.7825588891995,0.0,0.0,0.0,0.0,0.0,0.0,27.384461699600635,9.53140013787187,11.835812092322787,59.79905691339253,46.7825588891995,0.0,0.0,0.0,66.76,17.171406909919227,15.007591973753234,0.0,17.594976963978965,11.993926152995277,36.82949555184257,0.0,6.076020106833881,26.847231705905752,19.075777413358384,4.736862953800049,6.2997156084656085,0.0,12.4392365047871,21.03085852859662,0.4456499497309394,-1.0820098885768974,0.0,12.311083945407313,8.055465351589316,0.0,0.5909090909090909,26,2,4,2,1,3,0,0,0,0,3,0,3,2,4,1,5,0,1,1,0,3,4.909358985127971,3,5.089600000000004,101.90460000000006,1,1,1,0,0,0,0,0,1,1,1,0,0,0,0,0,0,0,0,0,0,0,0,0,0,0,4,0,0,0,0,0,0,0,0,0,3,0,0,0,0,1,0,0,0,0,0,0,0,0,0,0,0,0,0,0,0,0,0,0,0,0,0,0,0,0,0,0,0,0,0,0,0,0,0,0,0,0,0,0,0,0,0,2,0
Tetrahydrocannabivarin,THCV,93147,Cannabinoid,93147,"(6aR,10aR)-6,6,9-trimethyl-3-propyl-6a,7,8,10a-tetrahydrobenzo[c]chromen-1-ol",TETRAHYDROCANNABIVARIN,CCCc1cc(O)c2c(c1)OC(C)(C)C1CCC(C)=CC21,C19H26O2,ZROLHBHDLIHEMS-HUUCEWRRSA-N,10.54994142101285,10.54994142101285,0.17445967970521536,-0.17445967970521536,0.7789342369705518,26.38095238095238,286.41499999999996,260.20699999999994,286.193280072,114,0,0.12741135404009488,-0.5074970062973898,0.5074970062973898,0.12741135404009488,1.3333333333333333,2.0952380952380953,2.8095238095238093,16.50489865027139,9.676602788865136,2.4465265128903795,-2.461430318534546,2.5290678949891765,-2.4475219833840627,5.534778432218298,0.010712369319673221,2.3658086731723396,2.1305702954033805,583.4743043767863,15.198306133819765,13.570640356658142,13.570640356658142,9.919852082725852,8.141709549881158,8.141709549881158,7.166239136983297,7.166239136983297,5.065234858022784,5.065234858022784,4.012237478781564,4.012237478781564,-1.4399999999999997,50649.59788394662,14.495302439410576,5.081396577172721,2.4520606388087445,127.38216424911306,9.843390348640755,17.100074477551498,0.0,0.0,0.0,0.0,0.0,0.0,0.0,0.0,24.99368345951978,57.729862096470114,17.399263584019785,0.0,9.843390348640755,0.0,0.0,0.0,5.917906046161393,64.89719214761162,0.0,34.90876175722036,0.0,11.49902366656781,4.736862953800049,0.0,11.49902366656781,0.0,10.707578205824394,6.4208216229260096,5.917906046161393,64.0022226970959,23.781858773826368,0.0,0.0,0.0,29.46,0.0,5.106527394840706,0.0,11.518956857145081,11.6674178794453,36.99624981668494,11.136556021766264,0.0,6.06636706846161,39.83733597405798,4.736862953800049,6.30256708238851,0.0,0.0,10.54994142101285,3.4178308321785513,2.0211589558662975,4.062653533635677,6.670952933833977,8.72489524108414,0.0,0.5789473684210527,21,1,2,1,1,2,0,1,0,1,2,0,2,1,2,1,2,0,0,0,0,2,3.507446676224014,3,4.955600000000005,86.03080000000006,0,0,0,0,0,0,0,1,0,0,0,0,0,0,0,0,0,0,0,0,0,0,0,0,0,0,2,0,0,0,1,0,0,0,1,0,3,0,0,0,0,1,0,0,0,0,0,0,0,0,0,0,0,0,0,0,0,0,0,0,0,0,0,0,0,1,1,0,0,0,0,0,0,0,0,0,0,0,0,0,0,0,0,0,0
Tetrahydrocannabivarinic acid,THCVA,59444416,Cannabinoid,59444416,"(6aR,10aR)-1-hydroxy-6,6,9-trimethyl-3-propyl-6a,7,8,10a-tetrahydrobenzo[c]chromene-2-carboxylic acid",Delta-9-Tetrahydrocannabivarinic acid,CCCc1cc2c(c(O)c1C(=O)O)C1C=C(C)CCC1C(C)(C)O2,C20H26O4,IQSYWEWTWDEVNO-ZIAGYGMSSA-N,11.738727836041823,11.738727836041823,0.005811602418745121,-1.0725512566137565,0.7914614934614417,24.416666666666668,330.42400000000004,304.216,330.18310931199994,130,0,0.3392713554226602,-0.5065812011494907,0.5065812011494907,0.3392713554226602,1.4166666666666667,2.125,2.75,16.505063394702066,9.672970603223817,2.4571199015034875,-2.4631779482976794,2.539822476424558,-2.4491332453594254,5.936626434059443,0.010621411264659876,2.4511360862916916,2.2578703919642775,714.8393005633569,17.64589989101247,14.848751973432337,14.848751973432337,11.258056040177378,8.742090223673443,8.742090223673443,7.61574397149382,7.61574397149382,5.4635686286326095,5.4635686286326095,4.315701032047957,4.315701032047957,-1.9699999999999995,185239.707449322,16.872735594240034,5.8337594909813175,2.57937966472925,142.70286221574943,14.94991774348146,22.663525969248493,0.0,0.0,0.0,5.969305287951849,0.0,4.794537184071822,0.0,0.0,24.99368345951978,51.6634950280085,17.399263584019785,0.0,19.74445492755328,5.969305287951849,0.0,0.0,5.917906046161393,64.89719214761162,0.0,34.40584618045575,0.0,11.49902366656781,4.736862953800049,0.0,11.49902366656781,0.0,21.78341088861695,6.4208216229260096,5.917906046161393,74.36021137286473,17.71549170536476,0.0,0.0,0.0,66.76,5.969305287951849,15.007591973753234,0.0,28.749826228287375,23.297236439603903,19.26246486877803,5.573104530069267,0.0,12.990104268152233,26.847231705905752,4.736862953800049,6.244377362055934,0.0,11.738727836041823,20.42698259164777,2.2786516466154367,-0.3062581359704373,1.8311068594104307,5.603230979311426,8.266514194220948,0.0,0.55,24,2,4,1,1,2,0,1,0,1,2,0,3,2,4,1,3,0,0,0,0,2,4.101311725488171,3,4.653800000000004,92.99010000000006,0,0,0,0,1,0,0,1,1,1,1,0,0,0,0,0,0,0,0,0,0,0,0,0,0,0,2,0,0,0,1,0,0,0,1,0,3,0,0,0,0,1,0,0,0,0,0,0,0,0,0,0,0,0,0,0,0,0,0,0,0,0,0,0,0,1,0,0,0,0,0,0,0,0,0,0,0,0,0,0,0,0,0,0,0
